region_id,municipality,county,state
28,ABBOTTSTOWN,ADAMS,PA
381,ARENDTSVILLE,ADAMS,PA
2573,ASPERS,ADAMS,PA
262,BENDERSVILLE,ADAMS,PA
25,BERWICK,ADAMS,PA
280,BIGLERVILLE,ADAMS,PA
208,BONNEAUVILLE,ADAMS,PA
265,BUTLER,ADAMS,PA
631,CARROLL VALLEY,ADAMS,PA
1543,CONEWAGO,ADAMS,PA
400,CUMBERLAND,ADAMS,PA
181,EAST BERLIN,ADAMS,PA
630,FAIRFIELD,ADAMS,PA
2574,FAYETTEVILLE,ADAMS,PA
502,FRANKLIN,ADAMS,PA
505,FREEDOM,ADAMS,PA
371,GERMANY,ADAMS,PA
45,GETTYSBURG,ADAMS,PA
471,HAMILTON,ADAMS,PA
474,HAMILTONBAN,ADAMS,PA
730,HIGHLAND,ADAMS,PA
677,HUNTINGTON,ADAMS,PA
38,LATIMORE,ADAMS,PA
643,LIBERTY,ADAMS,PA
73,LITTLESTOWN,ADAMS,PA
76,MCSHERRYSTOWN,ADAMS,PA
553,MENALLEN,ADAMS,PA
555,MOUNT JOY,ADAMS,PA
584,MOUNT PLEASANT,ADAMS,PA
91,NEW OXFORD,ADAMS,PA
276,OXFORD,ADAMS,PA
394,READING,ADAMS,PA
368,STRABAN,ADAMS,PA
697,TYRONE,ADAMS,PA
737,UNION,ADAMS,PA
581,YORK SPRINGS,ADAMS,PA
606,ALEPPO,ALLEGHENY,PA
232,ASPINWALL,ALLEGHENY,PA
587,AVALON,ALLEGHENY,PA
550,BALDWIN,ALLEGHENY,PA
349,BALDWIN,ALLEGHENY,PA
2485,BELL ACRES,ALLEGHENY,PA
378,BELLEVUE,ALLEGHENY,PA
627,BEN AVON,ALLEGHENY,PA
675,BEN AVON HEIGHTS,ALLEGHENY,PA
141,BETHEL PARK,ALLEGHENY,PA
256,BLAWNOX,ALLEGHENY,PA
128,BRACKENRIDGE,ALLEGHENY,PA
646,BRADDOCK,ALLEGHENY,PA
532,BRADDOCK HILLS,ALLEGHENY,PA
578,BRADFORD WOODS,ALLEGHENY,PA
478,BRENTWOOD,ALLEGHENY,PA
88,BRIDGEVILLE,ALLEGHENY,PA
30,CARNEGIE,ALLEGHENY,PA
1957,CASTLE SHANNON,ALLEGHENY,PA
101,CHALFANT,ALLEGHENY,PA
641,CHESWICK,ALLEGHENY,PA
595,CHURCHILL,ALLEGHENY,PA
545,CLAIRTON,ALLEGHENY,PA
2316,COLLIER,ALLEGHENY,PA
622,CORAOPOLIS,ALLEGHENY,PA
137,CRAFTON,ALLEGHENY,PA
466,CRESCENT,ALLEGHENY,PA
626,DORMONT,ALLEGHENY,PA
1638,DRAVOSBURG,ALLEGHENY,PA
493,DUQUESNE,ALLEGHENY,PA
1435,EAST DEER,ALLEGHENY,PA
506,EAST MCKEESPORT,ALLEGHENY,PA
594,EAST PITTSBURGH,ALLEGHENY,PA
459,EDGEWOOD,ALLEGHENY,PA
5,EDGEWORTH,ALLEGHENY,PA
7,ELIZABETH,ALLEGHENY,PA
857,ELIZABETH,ALLEGHENY,PA
10,EMSWORTH,ALLEGHENY,PA
415,ETNA,ALLEGHENY,PA
722,FAWN,ALLEGHENY,PA
1242,FINDLAY,ALLEGHENY,PA
83,FOREST HILLS,ALLEGHENY,PA
1282,FORWARD,ALLEGHENY,PA
29,FOX CHAPEL,ALLEGHENY,PA
973,FRANKLIN PARK,ALLEGHENY,PA
1428,FRAZER,ALLEGHENY,PA
499,GLASSPORT,ALLEGHENY,PA
1100,GLEN OSBORNE,ALLEGHENY,PA
738,GLENFIELD,ALLEGHENY,PA
44,GREEN TREE,ALLEGHENY,PA
1430,HAMPTON,ALLEGHENY,PA
12,HARMAR,ALLEGHENY,PA
78,HARRISON,ALLEGHENY,PA
445,HAYSVILLE,ALLEGHENY,PA
281,HEIDELBERG,ALLEGHENY,PA
13,HOMESTEAD,ALLEGHENY,PA
1051,INDIANA,ALLEGHENY,PA
16,INGRAM,ALLEGHENY,PA
1237,JEFFERSON HILLS,ALLEGHENY,PA
98,KENNEDY,ALLEGHENY,PA
448,KILBUCK,ALLEGHENY,PA
846,LEET,ALLEGHENY,PA
975,LEETSDALE,ALLEGHENY,PA
1706,LIBERTY,ALLEGHENY,PA
893,LINCOLN,ALLEGHENY,PA
650,MARSHALL,ALLEGHENY,PA
384,MCCANDLESS,ALLEGHENY,PA
1095,MCDONALD,ALLEGHENY,PA
172,MCKEES ROCKS,ALLEGHENY,PA
585,MCKEESPORT,ALLEGHENY,PA
1342,MILLVALE,ALLEGHENY,PA
687,MONROEVILLE,ALLEGHENY,PA
92,MOON,ALLEGHENY,PA
210,MT LEBANON,ALLEGHENY,PA
1874,MT OLIVER,ALLEGHENY,PA
2108,MUNHALL,ALLEGHENY,PA
2575,NATRONA HEIGHTS,ALLEGHENY,PA
464,NEVILLE,ALLEGHENY,PA
2384,NORTH BRADDOCK,ALLEGHENY,PA
213,NORTH FAYETTE,ALLEGHENY,PA
487,NORTH VERSAILLES,ALLEGHENY,PA
2086,OAKDALE,ALLEGHENY,PA
1347,OAKMONT,ALLEGHENY,PA
2268,OHARA,ALLEGHENY,PA
1490,OHIO,ALLEGHENY,PA
2271,PENN HILLS,ALLEGHENY,PA
1041,PENNSBURY VILLAGE,ALLEGHENY,PA
986,PINE,ALLEGHENY,PA
1916,PITCAIRN,ALLEGHENY,PA
591,PITTSBURGH,ALLEGHENY,PA
2109,PLEASANT HILLS,ALLEGHENY,PA
840,PLUM,ALLEGHENY,PA
879,PORT VUE,ALLEGHENY,PA
1894,RANKIN,ALLEGHENY,PA
570,RESERVE,ALLEGHENY,PA
1121,RICHLAND,ALLEGHENY,PA
878,ROBINSON,ALLEGHENY,PA
548,ROSS,ALLEGHENY,PA
1840,ROSSLYN FARMS,ALLEGHENY,PA
302,SCOTT,ALLEGHENY,PA
882,SEWICKLEY,ALLEGHENY,PA
1349,SEWICKLEY HEIGHTS,ALLEGHENY,PA
2350,SEWICKLEY HILLS,ALLEGHENY,PA
220,SHALER,ALLEGHENY,PA
1300,SHARPSBURG,ALLEGHENY,PA
4,SOUTH FAYETTE,ALLEGHENY,PA
180,SOUTH PARK,ALLEGHENY,PA
680,SOUTH VERSAILLES,ALLEGHENY,PA
1303,SPRINGDALE,ALLEGHENY,PA
20,SPRINGDALE,ALLEGHENY,PA
411,STOWE,ALLEGHENY,PA
889,SWISSVALE,ALLEGHENY,PA
1893,TARENTUM,ALLEGHENY,PA
1875,THORNBURG,ALLEGHENY,PA
436,TRAFFORD,ALLEGHENY,PA
1096,TURTLE CREEK,ALLEGHENY,PA
649,UPPER ST CLAIR,ALLEGHENY,PA
1562,VERONA,ALLEGHENY,PA
1565,VERSAILLES,ALLEGHENY,PA
1298,WALL,ALLEGHENY,PA
34,WEST DEER,ALLEGHENY,PA
2369,WEST ELIZABETH,ALLEGHENY,PA
2126,WEST HOMESTEAD,ALLEGHENY,PA
2129,WEST MIFFLIN,ALLEGHENY,PA
1798,WEST VIEW,ALLEGHENY,PA
1942,WHITAKER,ALLEGHENY,PA
1676,WHITE OAK,ALLEGHENY,PA
1673,WHITEHALL,ALLEGHENY,PA
40,WILKINS,ALLEGHENY,PA
1546,WILKINSBURG,ALLEGHENY,PA
1472,WILMERDING,ALLEGHENY,PA
2322,APOLLO,ARMSTRONG,PA
2376,APPLEWOLD,ARMSTRONG,PA
1380,ATWOOD,ARMSTRONG,PA
1045,BETHEL,ARMSTRONG,PA
1959,BOGGS,ARMSTRONG,PA
2102,BRADYS BEND,ARMSTRONG,PA
2265,BURRELL,ARMSTRONG,PA
1641,CADOGAN,ARMSTRONG,PA
2366,COWANSHANNOCK,ARMSTRONG,PA
1899,DAYTON,ARMSTRONG,PA
2576,DISTANT,ARMSTRONG,PA
1534,EAST FRANKLIN,ARMSTRONG,PA
1902,ELDERTON,ARMSTRONG,PA
1843,FORD CITY,ARMSTRONG,PA
1963,FORD CLIFF,ARMSTRONG,PA
2131,FREEPORT,ARMSTRONG,PA
1515,GILPIN,ARMSTRONG,PA
1106,HOVEY,ARMSTRONG,PA
1351,KISKIMINETAS,ARMSTRONG,PA
2374,KITTANNING,ARMSTRONG,PA
805,LEECHBURG,ARMSTRONG,PA
1284,MADISON,ARMSTRONG,PA
1712,MAHONING,ARMSTRONG,PA
907,MANOR,ARMSTRONG,PA
1075,MANORVILLE,ARMSTRONG,PA
1114,NORTH APOLLO,ARMSTRONG,PA
808,NORTH BUFFALO,ARMSTRONG,PA
1626,PARKER,ARMSTRONG,PA
1102,PARKS,ARMSTRONG,PA
1103,PERRY,ARMSTRONG,PA
1108,PINE,ARMSTRONG,PA
1111,PLUMCREEK,ARMSTRONG,PA
1365,RAYBURN,ARMSTRONG,PA
1479,REDBANK,ARMSTRONG,PA
1295,RURAL VALLEY,ARMSTRONG,PA
883,SOUTH BEND,ARMSTRONG,PA
849,SOUTH BETHLEHEM,ARMSTRONG,PA
1271,SOUTH BUFFALO,ARMSTRONG,PA
832,SUGARCREEK,ARMSTRONG,PA
1757,VALLEY,ARMSTRONG,PA
2457,WASHINGTON,ARMSTRONG,PA
744,WAYNE,ARMSTRONG,PA
1532,WEST FRANKLIN,ARMSTRONG,PA
1680,WEST KITTANNING,ARMSTRONG,PA
2409,WORTHINGTON,ARMSTRONG,PA
2577,VANDERGRIFT,ARMSTRONG,PA
2318,ALIQUIPPA,BEAVER,PA
881,AMBRIDGE,BEAVER,PA
851,BADEN,BEAVER,PA
1519,BEAVER,BEAVER,PA
1878,BEAVER FALLS,BEAVER,PA
1048,BIG BEAVER,BEAVER,PA
1199,BRIDGEWATER,BEAVER,PA
2323,BRIGHTON,BEAVER,PA
2091,CENTER,BEAVER,PA
753,CHIPPEWA,BEAVER,PA
1202,CONWAY,BEAVER,PA
1205,DARLINGTON,BEAVER,PA
2382,DAUGHERTY,BEAVER,PA
1912,EAST ROCHESTER,BEAVER,PA
1794,EASTVALE,BEAVER,PA
1796,ECONOMY,BEAVER,PA
1607,ELLWOOD CITY,BEAVER,PA
2143,FALLSTON,BEAVER,PA
2081,FRANKFORT SPRINGS,BEAVER,PA
2096,FRANKLIN,BEAVER,PA
2301,FREEDOM,BEAVER,PA
1724,GEORGETOWN,BEAVER,PA
2197,GLASGOW,BEAVER,PA
749,GREENE,BEAVER,PA
1525,HANOVER,BEAVER,PA
1918,HARMONY,BEAVER,PA
2200,HOMEWOOD,BEAVER,PA
2304,HOOKSTOWN,BEAVER,PA
1560,HOPEWELL,BEAVER,PA
1528,INDEPENDENCE,BEAVER,PA
2570,INDUSTRY,BEAVER,PA
1857,KOPPEL,BEAVER,PA
2100,MARION,BEAVER,PA
2232,MIDLAND,BEAVER,PA
2474,MONACA,BEAVER,PA
1474,NEW BRIGHTON,BEAVER,PA
897,NEW GALILEE,BEAVER,PA
1756,NEW SEWICKLEY,BEAVER,PA
2123,NORTH SEWICKLEY,BEAVER,PA
2565,OHIOVILLE,BEAVER,PA
2364,PATTERSON,BEAVER,PA
2497,PATTERSON HEIGHTS,BEAVER,PA
2133,POTTER,BEAVER,PA
1548,PULASKI,BEAVER,PA
1551,RACCOON,BEAVER,PA
1280,ROCHESTER,BEAVER,PA
2440,SHIPPINGPORT,BEAVER,PA
2554,SOUTH BEAVER,BEAVER,PA
2296,SOUTH HEIGHTS,BEAVER,PA
2412,VANPORT,BEAVER,PA
1659,WEST MAYFIELD,BEAVER,PA
2357,WHITE,BEAVER,PA
1923,BEDFORD,BEDFORD,PA
1997,BLOOMFIELD,BEDFORD,PA
2553,BREEZEWOOD,BEDFORD,PA
1999,BROAD TOP,BEDFORD,PA
1867,CENTERVILLE,BEDFORD,PA
2072,COALDALE,BEDFORD,PA
2001,COLERAIN,BEDFORD,PA
2495,CUMBERLAND VALLEY,BEDFORD,PA
2004,EAST PROVIDENCE,BEDFORD,PA
2006,EAST ST CLAIR,BEDFORD,PA
2343,EVERETT,BEDFORD,PA
2309,HARRISON,BEDFORD,PA
2345,HOPEWELL,BEDFORD,PA
1657,HYNDMAN,BEDFORD,PA
1671,IMLER,BEDFORD,PA
2516,JUNIATA,BEDFORD,PA
2541,KIMMEL,BEDFORD,PA
2543,KING,BEDFORD,PA
1792,LIBERTY,BEDFORD,PA
2078,LINCOLN,BEDFORD,PA
2215,LONDONDERRY,BEDFORD,PA
2514,MANN,BEDFORD,PA
1982,MANNS CHOICE,BEDFORD,PA
1666,MONROE,BEDFORD,PA
2190,NAPIER,BEDFORD,PA
2299,NEW PARIS,BEDFORD,PA
2291,PAVIA,BEDFORD,PA
2256,PLEASANTVILLE,BEDFORD,PA
1852,RAINSBURG,BEDFORD,PA
2522,SAXTON,BEDFORD,PA
2524,SCHELLSBURG,BEDFORD,PA
1669,SNAKE SPRING,BEDFORD,PA
2289,SOUTH WOODBURY,BEDFORD,PA
2259,SOUTHAMPTON,BEDFORD,PA
2519,ST CLAIRSVILLE,BEDFORD,PA
2293,WEST PROVIDENCE,BEDFORD,PA
2196,WEST ST CLAIR,BEDFORD,PA
2016,WOODBURY,BEDFORD,PA
1990,ADAMSTOWN,BERKS,PA
2174,ALBANY,BERKS,PA
2176,ALSACE,BERKS,PA
2023,AMITY,BERKS,PA
1977,BALLY,BERKS,PA
1979,BECHTELSVILLE,BERKS,PA
2025,BERN,BERKS,PA
1981,BERNVILLE,BERKS,PA
1118,BETHEL,BERKS,PA
2466,BIRDSBORO,BERKS,PA
2452,BOYERTOWN,BERKS,PA
1513,BRECKNOCK,BERKS,PA
2536,CAERNARVON,BERKS,PA
2488,CENTERPORT,BERKS,PA
1969,CENTRE,BERKS,PA
1950,COLEBROOKDALE,BERKS,PA
1953,CUMRU,BERKS,PA
2140,DISTRICT,BERKS,PA
2142,DOUGLASS,BERKS,PA
2491,EARL,BERKS,PA
2224,EXETER,BERKS,PA
1776,FLEETWOOD,BERKS,PA
1664,GREENWICH,BERKS,PA
2002,HAMBURG,BERKS,PA
1820,HEIDELBERG,BERKS,PA
1767,HEREFORD,BERKS,PA
1769,JEFFERSON,BERKS,PA
2312,KEMPTON,BERKS,PA
2207,KENHORST,BERKS,PA
2547,KUTZTOWN,BERKS,PA
2549,LAURELDALE,BERKS,PA
2209,LEESPORT,BERKS,PA
2054,LENHARTSVILLE,BERKS,PA
2508,LONGSWAMP,BERKS,PA
1053,LOWER ALSACE,BERKS,PA
2530,LOWER HEIDELBERG,BERKS,PA
2056,LYONS,BERKS,PA
2532,MAIDENCREEK,BERKS,PA
1910,MARION,BERKS,PA
2447,MAXATAWNY,BERKS,PA
2467,MOHNTON,BERKS,PA
2298,MT PENN,BERKS,PA
912,MUHLENBERG,BERKS,PA
2046,NEW MORGAN,BERKS,PA
2441,NORTH HEIDELBERG,BERKS,PA
2076,OLEY,BERKS,PA
2493,ONTELAUNEE,BERKS,PA
2146,PENN,BERKS,PA
1752,PERRY,BERKS,PA
1855,PIKE,BERKS,PA
1975,READING,BERKS,PA
1704,RICHMOND,BERKS,PA
1994,ROBESON,BERKS,PA
2262,ROBESONIA,BERKS,PA
1964,ROCKLAND,BERKS,PA
1965,RUSCOMBMANOR,BERKS,PA
1985,SHILLINGTON,BERKS,PA
1862,SHOEMAKERSVILLE,BERKS,PA
2242,SINKING SPRING,BERKS,PA
1967,SOUTH HEIDELBERG,BERKS,PA
1297,SPRING,BERKS,PA
2264,ST LAWRENCE,BERKS,PA
1748,TILDEN,BERKS,PA
2185,TOPTON,BERKS,PA
2253,TULPEHOCKEN,BERKS,PA
2505,UNION,BERKS,PA
2212,UPPER BERN,BERKS,PA
2214,UPPER TULPEHOCKEN,BERKS,PA
1992,WASHINGTON,BERKS,PA
2285,WERNERSVILLE,BERKS,PA
1814,WEST READING,BERKS,PA
2134,WINDSOR,BERKS,PA
1816,WOMELSDORF,BERKS,PA
1702,WYOMISSING,BERKS,PA
1778,ALLEGHENY,BLAIR,PA
2034,ALTOONA,BLAIR,PA
1780,ANTIS,BLAIR,PA
2335,BELLWOOD,BLAIR,PA
1781,BLAIR,BLAIR,PA
2050,CATHARINE,BLAIR,PA
1645,DUNCANSVILLE,BLAIR,PA
2052,FRANKSTOWN,BLAIR,PA
1077,FREEDOM,BLAIR,PA
1931,GREENFIELD,BLAIR,PA
2337,HOLLIDAYSBURG,BLAIR,PA
2149,HUSTON,BLAIR,PA
2419,JUNIATA,BLAIR,PA
336,LOGAN,BLAIR,PA
2340,MARTINSBURG,BLAIR,PA
2342,NEWRY,BLAIR,PA
1373,NORTH WOODBURY,BLAIR,PA
2284,ROARING SPRING,BLAIR,PA
2395,SNYDER,BLAIR,PA
1988,TAYLOR,BLAIR,PA
2556,TUNNELHILL,BLAIR,PA
1887,TYRONE,BLAIR,PA
2461,WILLIAMSBURG,BLAIR,PA
2205,WOODBURY,BLAIR,PA
1813,ALBA,BRADFORD,PA
2463,ALBANY,BRADFORD,PA
2009,ARMENIA,BRADFORD,PA
1837,ASYLUM,BRADFORD,PA
1823,ATHENS,BRADFORD,PA
1941,BURLINGTON,BRADFORD,PA
1825,CANTON,BRADFORD,PA
1828,COLUMBIA,BRADFORD,PA
1830,FRANKLIN,BRADFORD,PA
2192,GRANVILLE,BRADFORD,PA
2252,HERRICK,BRADFORD,PA
2235,LE RAYSVILLE,BRADFORD,PA
2546,LEROY,BRADFORD,PA
1833,LITCHFIELD,BRADFORD,PA
2237,MONROE,BRADFORD,PA
2240,NEW ALBANY,BRADFORD,PA
1754,NORTH TOWANDA,BRADFORD,PA
2550,ORWELL,BRADFORD,PA
2552,OVERTON,BRADFORD,PA
2535,PIKE,BRADFORD,PA
1541,RIDGEBURY,BRADFORD,PA
1539,ROME,BRADFORD,PA
1402,SAYRE,BRADFORD,PA
1609,SHESHEQUIN,BRADFORD,PA
983,SMITHFIELD,BRADFORD,PA
1191,SOUTH CREEK,BRADFORD,PA
1275,SOUTH WAVERLY,BRADFORD,PA
1194,SPRINGFIELD,BRADFORD,PA
2406,STANDING STONE,BRADFORD,PA
2250,STEVENS,BRADFORD,PA
1277,SYLVANIA,BRADFORD,PA
2538,TERRY,BRADFORD,PA
2540,TOWANDA,BRADFORD,PA
1922,TROY,BRADFORD,PA
2058,TUSCARORA,BRADFORD,PA
1955,ULSTER,BRADFORD,PA
1956,WARREN,BRADFORD,PA
2111,WELLS,BRADFORD,PA
2510,WEST BURLINGTON,BRADFORD,PA
2247,WILMOT,BRADFORD,PA
1732,WINDHAM,BRADFORD,PA
2151,WYALUSING,BRADFORD,PA
1763,WYSOX,BRADFORD,PA
1307,BEDMINSTER,BUCKS,PA
1739,BENSALEM,BUCKS,PA
2276,BRIDGETON,BUCKS,PA
1331,BRISTOL,BUCKS,PA
2114,BRISTOL,BUCKS,PA
1648,BUCKINGHAM,BUCKS,PA
2281,CHALFONT,BUCKS,PA
1747,DOYLESTOWN,BUCKS,PA
2020,DOYLESTOWN,BUCKS,PA
2282,DUBLIN,BUCKS,PA
2420,DURHAM,BUCKS,PA
2425,EAST ROCKHILL,BUCKS,PA
2155,FALLS,BUCKS,PA
2157,HAYCOCK,BUCKS,PA
1808,HILLTOWN,BUCKS,PA
1812,HULMEVILLE,BUCKS,PA
1860,IVYLAND,BUCKS,PA
430,LANGHORNE,BUCKS,PA
1312,LANGHORNE MANOR,BUCKS,PA
2248,LOWER MAKEFIELD,BUCKS,PA
2327,LOWER SOUTHAMPTON,BUCKS,PA
2329,MIDDLETOWN,BUCKS,PA
2455,MILFORD,BUCKS,PA
339,MORRISVILLE,BUCKS,PA
2426,NEW BRITAIN,BUCKS,PA
1371,NEW BRITAIN,BUCKS,PA
2245,NEW HOPE,BUCKS,PA
1718,NEWTOWN,BUCKS,PA
1791,NOCKAMIXON,BUCKS,PA
1693,NORTHAMPTON,BUCKS,PA
2170,PENNDEL,BUCKS,PA
1803,PERKASIE,BUCKS,PA
1809,PLUMSTEAD,BUCKS,PA
2478,QUAKERTOWN,BUCKS,PA
2401,RICHLAND,BUCKS,PA
1788,RICHLANDTOWN,BUCKS,PA
1790,RIEGELSVILLE,BUCKS,PA
1686,SELLERSVILLE,BUCKS,PA
1691,SILVERDALE,BUCKS,PA
2331,SOLEBURY,BUCKS,PA
2456,SPRINGFIELD,BUCKS,PA
1850,TELFORD,BUCKS,PA
1806,TINICUM,BUCKS,PA
1717,TRUMBAUERSVILLE,BUCKS,PA
1848,TULLYTOWN,BUCKS,PA
2183,UPPER MAKEFIELD,BUCKS,PA
2348,UPPER SOUTHAMPTON,BUCKS,PA
2355,WARMINSTER,BUCKS,PA
2470,WARRINGTON,BUCKS,PA
2398,WARWICK,BUCKS,PA
2415,WEST ROCKHILL,BUCKS,PA
2400,WRIGHTSTOWN,BUCKS,PA
1849,YARDLEY,BUCKS,PA
1486,ADAMS,BUTLER,PA
1488,ALLEGHENY,BUTLER,PA
1393,BRADY,BUTLER,PA
2144,BRUIN,BUTLER,PA
1395,BUFFALO,BUTLER,PA
1865,BUTLER,BUTLER,PA
2404,CALLERY,BUTLER,PA
955,CENTER,BUTLER,PA
1310,CHERRY,BUTLER,PA
2387,CHERRY VALLEY,BUTLER,PA
1177,CHICORA,BUTLER,PA
2503,CLAY,BUTLER,PA
1861,CLEARFIELD,BUTLER,PA
1678,CLINTON,BUTLER,PA
1679,CONCORD,BUTLER,PA
2389,CONNOQUENESSING,BUTLER,PA
886,CONNOQUENESSING,BUTLER,PA
1934,CRANBERRY,BUTLER,PA
2169,DONEGAL,BUTLER,PA
2564,EAST BUTLER,BUTLER,PA
1946,EAU CLAIRE,BUTLER,PA
1187,EVANS CITY,BUTLER,PA
1189,FAIRVIEW,BUTLER,PA
1907,FAIRVIEW,BUTLER,PA
2229,FORWARD,BUTLER,PA
727,FRANKLIN,BUTLER,PA
1226,HARMONY,BUTLER,PA
902,HARRISVILLE,BUTLER,PA
1682,JACKSON,BUTLER,PA
1684,JEFFERSON,BUTLER,PA
956,KARNS CITY,BUTLER,PA
1697,LANCASTER,BUTLER,PA
1699,MARION,BUTLER,PA
887,MARS,BUTLER,PA
2066,MERCER,BUTLER,PA
1925,MIDDLESEX,BUTLER,PA
2136,MUDDY CREEK,BUTLER,PA
1537,OAKLAND,BUTLER,PA
1745,PARKER,BUTLER,PA
1782,PENN,BUTLER,PA
1178,PETROLIA,BUTLER,PA
1180,PORTERSVILLE,BUTLER,PA
1740,PROSPECT,BUTLER,PA
1785,SAXONBURG,BUTLER,PA
1933,SEVEN FIELDS,BUTLER,PA
1787,SLIPPERY ROCK,BUTLER,PA
1784,SUMMIT,BUTLER,PA
2275,VALENCIA,BUTLER,PA
2437,VENANGO,BUTLER,PA
1819,WASHINGTON,BUTLER,PA
729,WEST LIBERTY,BUTLER,PA
1653,WEST SUNBURY,BUTLER,PA
2354,WINFIELD,BUTLER,PA
728,WORTH,BUTLER,PA
1871,ZELIENOPLE,BUTLER,PA
1772,ADAMS,CAMBRIA,PA
1730,ALLEGHENY,CAMBRIA,PA
2067,ASHVILLE,CAMBRIA,PA
2179,BARR,CAMBRIA,PA
2181,BLACKLICK,CAMBRIA,PA
2403,BROWNSTOWN,CAMBRIA,PA
1721,CAMBRIA,CAMBRIA,PA
1269,CARROLLTOWN,CAMBRIA,PA
633,CASSANDRA,CAMBRIA,PA
1723,CHEST,CAMBRIA,PA
635,CHEST SPRINGS,CAMBRIA,PA
2231,CLEARFIELD,CAMBRIA,PA
2432,CONEMAUGH,CAMBRIA,PA
1168,CRESSON,CAMBRIA,PA
1765,CROYLE,CAMBRIA,PA
1326,DAISYTOWN,CAMBRIA,PA
1603,DALE,CAMBRIA,PA
2392,DEAN,CAMBRIA,PA
2394,EAST CARROLL,CAMBRIA,PA
1605,EAST CONEMAUGH,CAMBRIA,PA
874,EAST TAYLOR,CAMBRIA,PA
2160,EBENSBURG,CAMBRIA,PA
1155,EHRENFELD,CAMBRIA,PA
875,ELDER,CAMBRIA,PA
1174,FERNDALE,CAMBRIA,PA
914,FRANKLIN,CAMBRIA,PA
2468,GALLITZIN,CAMBRIA,PA
916,GALLITZIN,CAMBRIA,PA
1573,GEISTOWN,CAMBRIA,PA
2219,HASTINGS,CAMBRIA,PA
2469,JACKSON,CAMBRIA,PA
2194,JOHNSTOWN,CAMBRIA,PA
988,LILLY,CAMBRIA,PA
2225,LORAIN,CAMBRIA,PA
1055,LORETTO,CAMBRIA,PA
1688,LOWER YODER,CAMBRIA,PA
2472,MIDDLE TAYLOR,CAMBRIA,PA
1650,MUNSTER,CAMBRIA,PA
783,NANTY GLO,CAMBRIA,PA
2402,NORTHERN CAMBRIA,CAMBRIA,PA
785,PATTON,CAMBRIA,PA
797,PORTAGE,CAMBRIA,PA
1926,PORTAGE,CAMBRIA,PA
1928,READE,CAMBRIA,PA
1929,RICHLAND,CAMBRIA,PA
799,SANKERTOWN,CAMBRIA,PA
1250,SCALP LEVEL,CAMBRIA,PA
1462,SOUTH FORK,CAMBRIA,PA
1574,SOUTHMONT,CAMBRIA,PA
1989,STONYCREEK,CAMBRIA,PA
1696,SUMMERHILL,CAMBRIA,PA
2028,SUSQUEHANNA,CAMBRIA,PA
1086,TUNNELHILL,CAMBRIA,PA
1924,UPPER YODER,CAMBRIA,PA
1138,VINTONDALE,CAMBRIA,PA
2159,WASHINGTON,CAMBRIA,PA
2476,WEST CARROLL,CAMBRIA,PA
2330,WEST TAYLOR,CAMBRIA,PA
1316,WESTMONT,CAMBRIA,PA
1719,WHITE,CAMBRIA,PA
331,WILMORE,CAMBRIA,PA
1150,DRIFTWOOD,CAMERON,PA
969,EMPORIUM,CAMERON,PA
962,GIBSON,CAMERON,PA
787,GROVE,CAMERON,PA
1144,LUMBER,CAMERON,PA
1147,PORTAGE,CAMERON,PA
33,SHIPPEN,CAMERON,PA
433,BANKS,CARBON,PA
971,BEAVER MEADOWS,CARBON,PA
450,BOWMANSTOWN,CARBON,PA
2163,EAST PENN,CARBON,PA
1322,EAST SIDE,CARBON,PA
2064,FRANKLIN,CARBON,PA
1689,JIM THORPE,CARBON,PA
1617,KIDDER,CARBON,PA
401,LANSFORD,CARBON,PA
427,LAUSANNE,CARBON,PA
1154,LEHIGH,CARBON,PA
1268,LEHIGHTON,CARBON,PA
482,LOWER TOWAMENSING,CARBON,PA
958,MAHONING,CARBON,PA
1157,NESQUEHONING,CARBON,PA
1133,PACKER,CARBON,PA
856,PALMERTON,CARBON,PA
638,PARRYVILLE,CARBON,PA
1619,PENN FOREST,CARBON,PA
2435,SUMMIT HILL,CARBON,PA
1183,TOWAMENSING,CARBON,PA
1601,WEATHERLY,CARBON,PA
1498,WEISSPORT,CARBON,PA
305,BELLEFONTE,CENTRE,PA
2438,BENNER,CENTRE,PA
701,BOGGS,CENTRE,PA
651,BURNSIDE,CENTRE,PA
329,CENTRE HALL,CENTRE,PA
1078,COLLEGE,CENTRE,PA
987,CURTIN,CENTRE,PA
1122,FERGUSON,CENTRE,PA
1123,GREGG,CENTRE,PA
904,HAINES,CENTRE,PA
399,HALFMOON,CENTRE,PA
1535,HARRIS,CENTRE,PA
365,HOWARD,CENTRE,PA
807,HOWARD,CENTRE,PA
340,HUSTON,CENTRE,PA
809,LIBERTY,CENTRE,PA
900,MARION,CENTRE,PA
1366,MILES,CENTRE,PA
959,MILESBURG,CENTRE,PA
1119,MILLHEIM,CENTRE,PA
1085,PATTON,CENTRE,PA
333,PENN,CENTRE,PA
1364,PHILIPSBURG,CENTRE,PA
943,PORT MATILDA,CENTRE,PA
1184,POTTER,CENTRE,PA
590,RUSH,CENTRE,PA
859,SNOW SHOE,CENTRE,PA
2184,SPRING,CENTRE,PA
1572,STATE COLLEGE,CENTRE,PA
1264,TAYLOR,CENTRE,PA
217,UNION,CENTRE,PA
1160,UNIONVILLE,CENTRE,PA
252,WALKER,CENTRE,PA
1623,WORTH,CENTRE,PA
1357,ATGLEN,CHESTER,PA
827,AVONDALE,CHESTER,PA
287,BIRMINGHAM,CHESTER,PA
694,CALN,CHESTER,PA
2117,CHARLESTOWN,CHESTER,PA
908,COATESVILLE,CHESTER,PA
1240,DOWNINGTOWN,CHESTER,PA
453,EAST BRADFORD,CHESTER,PA
97,EAST BRANDYWINE,CHESTER,PA
2165,EAST CALN,CHESTER,PA
910,EAST COVENTRY,CHESTER,PA
1487,EAST FALLOWFIELD,CHESTER,PA
1450,EAST GOSHEN,CHESTER,PA
1403,EAST MARLBOROUGH,CHESTER,PA
637,EAST NANTMEAL,CHESTER,PA
927,EAST NOTTINGHAM,CHESTER,PA
1308,EAST PIKELAND,CHESTER,PA
1127,EAST VINCENT,CHESTER,PA
2502,EAST WHITELAND,CHESTER,PA
1655,EASTTOWN,CHESTER,PA
1263,ELK,CHESTER,PA
160,ELVERSON,CHESTER,PA
1089,FRANKLIN,CHESTER,PA
865,HIGHLAND,CHESTER,PA
1139,HONEY BROOK,CHESTER,PA
451,KENNETT,CHESTER,PA
363,KENNETT SQUARE,CHESTER,PA
2220,LONDON BRITAIN,CHESTER,PA
428,LONDON GROVE,CHESTER,PA
1061,LONDONDERRY,CHESTER,PA
1064,LOWER OXFORD,CHESTER,PA
397,MALVERN,CHESTER,PA
607,MODENA,CHESTER,PA
1466,NEW GARDEN,CHESTER,PA
1463,NEW LONDON,CHESTER,PA
1036,NEWLIN,CHESTER,PA
1215,NORTH COVENTRY,CHESTER,PA
788,OXFORD,CHESTER,PA
2572,PARKESBURG,CHESTER,PA
1318,PENN,CHESTER,PA
2226,PENNSBURY,CHESTER,PA
1287,PHOENIXVILLE,CHESTER,PA
1612,POCOPSON,CHESTER,PA
2396,SADSBURY,CHESTER,PA
939,SCHUYLKILL,CHESTER,PA
772,SOUTH COATESVILLE,CHESTER,PA
942,SOUTH COVENTRY,CHESTER,PA
1227,SPRING CITY,CHESTER,PA
830,THORNBURY,CHESTER,PA
1451,TREDYFFRIN,CHESTER,PA
794,UPPER OXFORD,CHESTER,PA
1442,UPPER UWCHLAN,CHESTER,PA
2414,UWCHLAN,CHESTER,PA
1156,VALLEY,CHESTER,PA
685,WALLACE,CHESTER,PA
1628,WARWICK,CHESTER,PA
757,WEST BRADFORD,CHESTER,PA
2562,WEST BRANDYWINE,CHESTER,PA
1083,WEST CALN,CHESTER,PA
1579,WEST CHESTER,CHESTER,PA
906,WEST FALLOWFIELD,CHESTER,PA
1270,WEST GOSHEN,CHESTER,PA
964,WEST GROVE,CHESTER,PA
1571,WEST MARLBOROUGH,CHESTER,PA
989,WEST NANTMEAL,CHESTER,PA
992,WEST NOTTINGHAM,CHESTER,PA
1159,WEST PIKELAND,CHESTER,PA
1224,WEST SADSBURY,CHESTER,PA
1091,WEST VINCENT,CHESTER,PA
1094,WEST WHITELAND,CHESTER,PA
2454,WESTTOWN,CHESTER,PA
94,WILLISTOWN,CHESTER,PA
966,ASHLAND,CLARION,PA
968,BEAVER,CLARION,PA
1583,BRADY,CLARION,PA
1575,CALLENSBURG,CLARION,PA
1510,CLARION,CLARION,PA
1217,EAST BRADY,CLARION,PA
1453,ELK,CLARION,PA
2014,EMLENTON,CLARION,PA
1028,FARMINGTON,CLARION,PA
1107,FOXBURG,CLARION,PA
1441,HAWTHORN,CLARION,PA
1034,HIGHLAND,CLARION,PA
1185,KNOX,CLARION,PA
855,LICKING,CLARION,PA
767,LIMESTONE,CLARION,PA
770,MADISON,CLARION,PA
1415,MILLCREEK,CLARION,PA
1805,MONROE,CLARION,PA
1458,NEW BETHLEHEM,CLARION,PA
1418,PAINT,CLARION,PA
1630,PERRY,CLARION,PA
1500,PINEY,CLARION,PA
1503,PORTER,CLARION,PA
1464,REDBANK,CLARION,PA
1230,RICHLAND,CLARION,PA
1058,RIMERSBURG,CLARION,PA
822,SALEM,CLARION,PA
1449,SHIPPENVILLE,CLARION,PA
814,SLIGO,CLARION,PA
1026,ST PETERSBURG,CLARION,PA
816,STRATTANVILLE,CLARION,PA
2563,TOBY,CLARION,PA
1024,WASHINGTON,CLARION,PA
1005,BECCARIA,CLEARFIELD,PA
1047,BELL,CLEARFIELD,PA
1632,BIGLER,CLEARFIELD,PA
1208,BLOOM,CLEARFIELD,PA
1210,BOGGS,CLEARFIELD,PA
1057,BRADFORD,CLEARFIELD,PA
1455,BRADY,CLEARFIELD,PA
743,BRISBIN,CLEARFIELD,PA
802,BURNSIDE,CLEARFIELD,PA
309,BURNSIDE,CLEARFIELD,PA
775,CHEST,CLEARFIELD,PA
656,CHESTER HILL,CLEARFIELD,PA
760,CLEARFIELD,CLEARFIELD,PA
763,COALPORT,CLEARFIELD,PA
953,COOPER,CLEARFIELD,PA
1382,COVINGTON,CLEARFIELD,PA
1228,CURWENSVILLE,CLEARFIELD,PA
779,DECATUR,CLEARFIELD,PA
1398,DUBOIS,CLEARFIELD,PA
1507,FALLS CREEK,CLEARFIELD,PA
1412,FERGUSON,CLEARFIELD,PA
845,GIRARD,CLEARFIELD,PA
936,GLEN HOPE,CLEARFIELD,PA
1483,GOSHEN,CLEARFIELD,PA
996,GRAHAM,CLEARFIELD,PA
1494,GRAMPIAN,CLEARFIELD,PA
999,GREENWOOD,CLEARFIELD,PA
1002,GULICH,CLEARFIELD,PA
1409,HOUTZDALE,CLEARFIELD,PA
1195,HUSTON,CLEARFIELD,PA
1425,IRVONA,CLEARFIELD,PA
810,JORDAN,CLEARFIELD,PA
771,KARTHAUS,CLEARFIELD,PA
1052,KNOX,CLEARFIELD,PA
1937,LAWRENCE,CLEARFIELD,PA
1613,MAHAFFEY,CLEARFIELD,PA
1031,MORRIS,CLEARFIELD,PA
1592,NEW WASHINGTON,CLEARFIELD,PA
1212,NEWBURG,CLEARFIELD,PA
1015,OSCEOLA MILLS,CLEARFIELD,PA
1248,PENN,CLEARFIELD,PA
795,PIKE,CLEARFIELD,PA
947,PINE,CLEARFIELD,PA
1017,RAMEY,CLEARFIELD,PA
2059,SANDY,CLEARFIELD,PA
1497,TROUTVILLE,CLEARFIELD,PA
951,UNION,CLEARFIELD,PA
1013,WALLACETON,CLEARFIELD,PA
1407,WESTOVER,CLEARFIELD,PA
1232,WOODWARD,CLEARFIELD,PA
1022,ALLISON,CLINTON,PA
1290,AVIS,CLINTON,PA
1469,BALD EAGLE,CLINTON,PA
813,BEECH CREEK,CLINTON,PA
1375,CASTANEA,CLINTON,PA
467,CHAPMAN,CLINTON,PA
1378,COLEBROOK,CLINTON,PA
1446,CRAWFORD,CLINTON,PA
1245,DUNNSTABLE,CLINTON,PA
616,EAST KEATING,CLINTON,PA
1081,FLEMINGTON,CLINTON,PA
414,GALLAGHER,CLINTON,PA
249,GREENE,CLINTON,PA
222,GRUGAN,CLINTON,PA
50,LAMAR,CLINTON,PA
53,LEIDY,CLINTON,PA
1423,LOCK HAVEN,CLINTON,PA
345,LOGAN,CLINTON,PA
271,LOGANTON,CLINTON,PA
327,MILL HALL,CLINTON,PA
540,NOYES,CLINTON,PA
2555,PINE CREEK,CLINTON,PA
242,PORTER,CLINTON,PA
476,RENOVO,CLINTON,PA
566,SOUTH RENOVO,CLINTON,PA
354,WAYNE,CLINTON,PA
1361,WEST KEATING,CLINTON,PA
1735,WOODWARD,CLINTON,PA
2013,ASHLAND,COLUMBIA,PA
653,BEAVER,COLUMBIA,PA
154,BENTON,COLUMBIA,PA
114,BERWICK,COLUMBIA,PA
1384,BLOOMSBURG,COLUMBIA,PA
2279,BRIAR CREEK,COLUMBIA,PA
510,BRIAR CREEK,COLUMBIA,PA
512,CATAWISSA,COLUMBIA,PA
223,CATAWISSA,COLUMBIA,PA
292,CENTRALIA,COLUMBIA,PA
615,CLEVELAND,COLUMBIA,PA
143,CONYNGHAM,COLUMBIA,PA
203,FISHING CREEK,COLUMBIA,PA
522,FRANKLIN,COLUMBIA,PA
524,GREENWOOD,COLUMBIA,PA
526,HEMLOCK,COLUMBIA,PA
599,JACKSON,COLUMBIA,PA
535,LOCUST,COLUMBIA,PA
561,MADISON,COLUMBIA,PA
165,MAIN,COLUMBIA,PA
1811,MIFFLIN,COLUMBIA,PA
268,MILLVILLE,COLUMBIA,PA
1858,MONTOUR,COLUMBIA,PA
227,MT PLEASANT,COLUMBIA,PA
157,NORTH CENTRE,COLUMBIA,PA
601,ORANGE,COLUMBIA,PA
454,ORANGEVILLE,COLUMBIA,PA
660,PINE,COLUMBIA,PA
663,ROARING CREEK,COLUMBIA,PA
1372,SCOTT,COLUMBIA,PA
1538,SOUTH CENTRE,COLUMBIA,PA
456,STILLWATER,COLUMBIA,PA
109,SUGARLOAF,COLUMBIA,PA
1385,ATHENS,CRAWFORD,PA
559,BEAVER,CRAWFORD,PA
69,BLOOMFIELD,CRAWFORD,PA
241,BLOOMING VALLEY,CRAWFORD,PA
673,CAMBRIDGE,CRAWFORD,PA
247,CAMBRIDGE SPRINGS,CRAWFORD,PA
317,CENTERVILLE,CRAWFORD,PA
516,COCHRANTON,CRAWFORD,PA
391,CONNEAUT,CRAWFORD,PA
149,CONNEAUT LAKE,CRAWFORD,PA
716,CONNEAUTVILLE,CRAWFORD,PA
248,CUSSEWAGO,CRAWFORD,PA
731,EAST FAIRFIELD,CRAWFORD,PA
734,EAST FALLOWFIELD,CRAWFORD,PA
168,EAST MEAD,CRAWFORD,PA
171,FAIRFIELD,CRAWFORD,PA
715,GREENWOOD,CRAWFORD,PA
113,HAYFIELD,CRAWFORD,PA
1328,HYDETOWN,CRAWFORD,PA
489,LINESVILLE,CRAWFORD,PA
413,MEADVILLE,CRAWFORD,PA
289,NORTH SHENANGO,CRAWFORD,PA
2422,OIL CREEK,CRAWFORD,PA
229,PINE,CRAWFORD,PA
325,RANDOLPH,CRAWFORD,PA
563,RICHMOND,CRAWFORD,PA
200,ROCKDALE,CRAWFORD,PA
245,ROME,CRAWFORD,PA
437,SADSBURY,CRAWFORD,PA
508,SAEGERTOWN,CRAWFORD,PA
65,SOUTH SHENANGO,CRAWFORD,PA
611,SPARTA,CRAWFORD,PA
152,SPARTANSBURG,CRAWFORD,PA
396,SPRING,CRAWFORD,PA
609,SPRINGBORO,CRAWFORD,PA
55,STEUBEN,CRAWFORD,PA
424,SUMMERHILL,CRAWFORD,PA
425,SUMMIT,CRAWFORD,PA
576,TITUSVILLE,CRAWFORD,PA
198,TOWNVILLE,CRAWFORD,PA
372,TROY,CRAWFORD,PA
375,UNION,CRAWFORD,PA
49,VENANGO,CRAWFORD,PA
314,VENANGO,CRAWFORD,PA
1921,VERNON,CRAWFORD,PA
1332,WAYNE,CRAWFORD,PA
572,WEST FALLOWFIELD,CRAWFORD,PA
1996,WEST MEAD,CRAWFORD,PA
117,WEST SHENANGO,CRAWFORD,PA
398,WOODCOCK,CRAWFORD,PA
665,WOODCOCK,CRAWFORD,PA
79,CAMP HILL,CUMBERLAND,PA
81,CARLISLE,CUMBERLAND,PA
568,COOKE,CUMBERLAND,PA
515,DICKINSON,CUMBERLAND,PA
2433,EAST PENNSBORO,CUMBERLAND,PA
1117,HAMPDEN,CUMBERLAND,PA
357,HOPEWELL,CUMBERLAND,PA
86,LEMOYNE,CUMBERLAND,PA
2277,LOWER ALLEN,CUMBERLAND,PA
272,LOWER FRANKFORD,CUMBERLAND,PA
275,LOWER MIFFLIN,CUMBERLAND,PA
386,MECHANICSBURG,CUMBERLAND,PA
2333,MIDDLESEX,CUMBERLAND,PA
406,MONROE,CUMBERLAND,PA
389,MOUNT HOLLY SPRINGS,CUMBERLAND,PA
589,NEW CUMBERLAND,CUMBERLAND,PA
1433,NEWBURG,CUMBERLAND,PA
121,NEWVILLE,CUMBERLAND,PA
1883,NORTH MIDDLETON,CUMBERLAND,PA
183,NORTH NEWTON,CUMBERLAND,PA
145,PENN,CUMBERLAND,PA
124,SHIPPENSBURG,CUMBERLAND,PA
236,SHIREMANSTOWN,CUMBERLAND,PA
404,SILVER SPRING,CUMBERLAND,PA
2328,SOUTH MIDDLETON,CUMBERLAND,PA
320,SOUTH NEWTON,CUMBERLAND,PA
1344,SOUTHAMPTON,CUMBERLAND,PA
2021,UPPER ALLEN,CUMBERLAND,PA
709,UPPER FRANKFORD,CUMBERLAND,PA
61,UPPER MIFFLIN,CUMBERLAND,PA
299,WEST PENNSBORO,CUMBERLAND,PA
602,WORMLEYSBURG,CUMBERLAND,PA
102,BERRYSBURG,DAUPHIN,PA
175,CONEWAGO,DAUPHIN,PA
104,DAUPHIN,DAUPHIN,PA
1940,DERRY,DAUPHIN,PA
366,EAST HANOVER,DAUPHIN,PA
500,ELIZABETHVILLE,DAUPHIN,PA
503,GRATZ,DAUPHIN,PA
258,HALIFAX,DAUPHIN,PA
26,HARRISBURG,DAUPHIN,PA
469,HIGHSPIRE,DAUPHIN,PA
472,HUMMELSTOWN,DAUPHIN,PA
698,JACKSON,DAUPHIN,PA
1437,JEFFERSON,DAUPHIN,PA
379,LONDONDERRY,DAUPHIN,PA
382,LOWER PAXTON,DAUPHIN,PA
2153,LOWER SWATARA,DAUPHIN,PA
278,LYKENS,DAUPHIN,PA
623,LYKENS,DAUPHIN,PA
1436,MIDDLE PAXTON,DAUPHIN,PA
676,MIDDLETOWN,DAUPHIN,PA
538,MIFFLIN,DAUPHIN,PA
678,MILLERSBURG,DAUPHIN,PA
556,PAXTANG,DAUPHIN,PA
266,PENBROOK,DAUPHIN,PA
283,PILLOW,DAUPHIN,PA
1359,REED,DAUPHIN,PA
554,ROYALTON,DAUPHIN,PA
383,RUSH,DAUPHIN,PA
385,SOUTH HANOVER,DAUPHIN,PA
3,STEELTON,DAUPHIN,PA
2428,SUSQUEHANNA,DAUPHIN,PA
312,SWATARA,DAUPHIN,PA
221,UPPER PAXTON,DAUPHIN,PA
486,WASHINGTON,DAUPHIN,PA
1339,WAYNE,DAUPHIN,PA
2270,WEST HANOVER,DAUPHIN,PA
2273,WICONISCO,DAUPHIN,PA
23,WILLIAMS,DAUPHIN,PA
1387,WILLIAMSTOWN,DAUPHIN,PA
547,ALDAN,DELAWARE,PA
22,ASTON,DELAWARE,PA
1542,BETHEL,DELAWARE,PA
301,BROOKHAVEN,DELAWARE,PA
580,CHADDS FORD,DELAWARE,PA
142,CHESTER,DELAWARE,PA
877,CHESTER,DELAWARE,PA
133,CHESTER HEIGHTS,DELAWARE,PA
645,CLIFTON HEIGHTS,DELAWARE,PA
647,COLLINGDALE,DELAWARE,PA
577,COLWYN,DELAWARE,PA
1570,CONCORD,DELAWARE,PA
648,DARBY,DELAWARE,PA
628,DARBY,DELAWARE,PA
18,EAST LANSDOWNE,DELAWARE,PA
90,EDDYSTONE,DELAWARE,PA
1190,EDGMONT,DELAWARE,PA
32,FOLCROFT,DELAWARE,PA
1281,GLENOLDEN,DELAWARE,PA
2,HAVERFORD,DELAWARE,PA
710,LANSDOWNE,DELAWARE,PA
462,LOWER CHICHESTER,DELAWARE,PA
2479,MARCUS HOOK,DELAWARE,PA
75,MARPLE,DELAWARE,PA
1431,MEDIA,DELAWARE,PA
1193,MIDDLETOWN,DELAWARE,PA
431,MILLBOURNE,DELAWARE,PA
447,MORTON,DELAWARE,PA
619,NETHER PROVIDENCE,DELAWARE,PA
2405,NEWTOWN,DELAWARE,PA
416,NORWOOD,DELAWARE,PA
418,PARKSIDE,DELAWARE,PA
212,PROSPECT PARK,DELAWARE,PA
721,RADNOR,DELAWARE,PA
723,RIDLEY,DELAWARE,PA
215,RIDLEY PARK,DELAWARE,PA
592,ROSE VALLEY,DELAWARE,PA
9,RUTLEDGE,DELAWARE,PA
492,SHARON HILL,DELAWARE,PA
724,SPRINGFIELD,DELAWARE,PA
477,SWARTHMORE,DELAWARE,PA
1434,THORNBURY,DELAWARE,PA
596,TINICUM,DELAWARE,PA
679,TRAINER,DELAWARE,PA
498,UPLAND,DELAWARE,PA
1,UPPER CHICHESTER,DELAWARE,PA
72,UPPER DARBY,DELAWARE,PA
1643,UPPER PROVIDENCE,DELAWARE,PA
440,YEADON,DELAWARE,PA
494,BENEZETTE,ELK,PA
42,FOX,ELK,PA
443,HIGHLAND,ELK,PA
1386,HORTON,ELK,PA
282,JAY,ELK,PA
692,JOHNSONBURG,ELK,PA
605,JONES,ELK,PA
14,MILLSTONE,ELK,PA
552,RIDGWAY,ELK,PA
726,SPRING CREEK,ELK,PA
125,ST MARYS,ELK,PA
267,ALBION,ERIE,PA
604,AMITY,ERIE,PA
439,CONCORD,ERIE,PA
682,CONNEAUT,ERIE,PA
507,CORRY,ERIE,PA
461,CRANESVILLE,ERIE,PA
1556,EDINBORO,ERIE,PA
2088,ELGIN,ERIE,PA
549,ELK CREEK,ERIE,PA
575,ERIE,ERIE,PA
377,FAIRVIEW,ERIE,PA
342,FRANKLIN,ERIE,PA
667,GIRARD,ERIE,PA
255,GREENE,ERIE,PA
257,GREENFIELD,ERIE,PA
1253,HARBORCREEK,ERIE,PA
1715,LAKE CITY,ERIE,PA
491,LAWRENCE PARK,ERIE,PA
892,LE BOEUF,ERIE,PA
1905,MCKEAN,ERIE,PA
2363,MCKEAN,ERIE,PA
1044,MILL VILLAGE,ERIE,PA
1341,MILLCREEK,ERIE,PA
686,NORTH EAST,ERIE,PA
1559,PLATEA,ERIE,PA
689,SPRINGFIELD,ERIE,PA
640,SUMMIT,ERIE,PA
620,UNION,ERIE,PA
2385,UNION CITY,ERIE,PA
725,VENANGO,ERIE,PA
70,WASHINGTON,ERIE,PA
929,WATERFORD,ERIE,PA
1348,WATTSBURG,ERIE,PA
1639,WAYNE,ERIE,PA
1882,WESLEYVILLE,ERIE,PA
839,BELLE VERNON,FAYETTE,PA
1915,BROWNSVILLE,FAYETTE,PA
876,BROWNSVILLE,FAYETTE,PA
2378,BULLSKIN,FAYETTE,PA
2482,CONNELLSVILLE,FAYETTE,PA
1563,DAWSON,FAYETTE,PA
1566,DUNBAR,FAYETTE,PA
1895,DUNBAR,FAYETTE,PA
2367,EVERSON,FAYETTE,PA
2370,FAIRCHANCE,FAYETTE,PA
2127,FAYETTE CITY,FAYETTE,PA
1841,FRANKLIN,FAYETTE,PA
2283,GEORGES,FAYETTE,PA
2083,GERMAN,FAYETTE,PA
2351,HENRY CLAY,FAYETTE,PA
1301,JEFFERSON,FAYETTE,PA
1304,LOWER TYRONE,FAYETTE,PA
1944,LUZERNE,FAYETTE,PA
441,MARKLEYSBURG,FAYETTE,PA
1799,MASONTOWN,FAYETTE,PA
891,MENALLEN,FAYETTE,PA
1802,NEWELL,FAYETTE,PA
1166,NICHOLSON,FAYETTE,PA
1647,NORTH UNION,FAYETTE,PA
1674,OHIOPYLE,FAYETTE,PA
2092,PERRY,FAYETTE,PA
1917,PERRYOPOLIS,FAYETTE,PA
1545,POINT MARION,FAYETTE,PA
1105,REDSTONE,FAYETTE,PA
1165,SALTLICK,FAYETTE,PA
2120,SEVEN SPRINGS,FAYETTE,PA
2365,SMITHFIELD,FAYETTE,PA
1219,SOUTH CONNELLSVILLE,FAYETTE,PA
2339,SOUTH UNION,FAYETTE,PA
1478,SPRINGFIELD,FAYETTE,PA
1481,SPRINGHILL,FAYETTE,PA
1880,STEWART,FAYETTE,PA
1876,UNIONTOWN,FAYETTE,PA
833,UPPER TYRONE,FAYETTE,PA
1845,VANDERBILT,FAYETTE,PA
1198,WASHINGTON,FAYETTE,PA
1885,WHARTON,FAYETTE,PA
1352,BARNETT,FOREST,PA
1355,GREEN,FOREST,PA
791,HARMONY,FOREST,PA
1711,HICKORY,FOREST,PA
1714,HOWE,FOREST,PA
1762,JENKS,FOREST,PA
1681,KINGSLEY,FOREST,PA
2410,TIONESTA,FOREST,PA
1919,ANTRIM,FRANKLIN,PA
852,CHAMBERSBURG,FRANKLIN,PA
1097,FANNETT,FRANKLIN,PA
1520,GREENCASTLE,FRANKLIN,PA
2286,GREENE,FRANKLIN,PA
2012,GUILFORD,FRANKLIN,PA
2324,HAMILTON,FRANKLIN,PA
2458,LETTERKENNY,FRANKLIN,PA
745,LURGAN,FRANKLIN,PA
2060,MERCERSBURG,FRANKLIN,PA
1533,METAL,FRANKLIN,PA
1200,MONT ALTO,FRANKLIN,PA
1759,MONTGOMERY,FRANKLIN,PA
1203,ORRSTOWN,FRANKLIN,PA
2103,PETERS,FRANKLIN,PA
2266,QUINCY,FRANKLIN,PA
2191,SHIPPENSBURG,FRANKLIN,PA
1827,SOUTHAMPTON,FRANKLIN,PA
1642,ST THOMAS,FRANKLIN,PA
2319,WARREN,FRANKLIN,PA
1416,WASHINGTON,FRANKLIN,PA
1958,WAYNESBORO,FRANKLIN,PA
2375,AYR,FULTON,PA
2377,BELFAST,FULTON,PA
894,BETHEL,FULTON,PA
1900,BRUSH CREEK,FULTON,PA
2097,DUBLIN,FULTON,PA
1960,LICKING CREEK,FULTON,PA
1293,MCCONNELLSBURG,FULTON,PA
2130,TAYLOR,FULTON,PA
1530,THOMPSON,FULTON,PA
754,TODD,FULTON,PA
1073,UNION,FULTON,PA
1296,VALLEY-HI,FULTON,PA
1112,WELLS,FULTON,PA
848,ALEPPO,GREENE,PA
1552,CARMICHAELS,GREENE,PA
1725,CENTER,GREENE,PA
1554,CLARKSVILLE,GREENE,PA
2198,CUMBERLAND,GREENE,PA
2201,DUNKARD,GREENE,PA
2305,FRANKLIN,GREENE,PA
2307,FREEPORT,GREENE,PA
1856,GILMORE,GREENE,PA
2090,GRAY,GREENE,PA
2125,GREENE,GREENE,PA
2358,GREENSBORO,GREENE,PA
2380,JACKSON,GREENE,PA
1795,JEFFERSON,GREENE,PA
2314,MONONGAHELA,GREENE,PA
1381,MORGAN,GREENE,PA
1526,MORRIS,GREENE,PA
1529,PERRY,GREENE,PA
1851,RICES LANDING,GREENE,PA
1847,RICHHILL,GREENE,PA
1709,SPRINGHILL,GREENE,PA
2124,WASHINGTON,GREENE,PA
1889,WAYNE,GREENE,PA
2048,WAYNESBURG,GREENE,PA
1549,WHITELEY,GREENE,PA
1951,ALEXANDRIA,HUNTINGDON,PA
2509,BARREE,HUNTINGDON,PA
1952,BIRMINGHAM,HUNTINGDON,PA
2302,BRADY,HUNTINGDON,PA
2173,BROAD TOP CITY,HUNTINGDON,PA
2119,CARBON,HUNTINGDON,PA
2079,CASS,HUNTINGDON,PA
2175,CASSVILLE,HUNTINGDON,PA
2515,CLAY,HUNTINGDON,PA
2177,COALMONT,HUNTINGDON,PA
1667,CROMWELL,HUNTINGDON,PA
1668,DUBLIN,HUNTINGDON,PA
2024,DUDLEY,HUNTINGDON,PA
1751,FRANKLIN,HUNTINGDON,PA
2260,HENDERSON,HUNTINGDON,PA
2512,HOPEWELL,HUNTINGDON,PA
655,HUNTINGDON,HUNTINGDON,PA
2292,JACKSON,HUNTINGDON,PA
1870,JUNIATA,HUNTINGDON,PA
2015,LINCOLN,HUNTINGDON,PA
2017,LOGAN,HUNTINGDON,PA
1511,MAPLETON,HUNTINGDON,PA
2533,MARKLESBURG,HUNTINGDON,PA
2537,MILL CREEK,HUNTINGDON,PA
2178,MILLER,HUNTINGDON,PA
2073,MORRIS,HUNTINGDON,PA
2139,MOUNT UNION,HUNTINGDON,PA
2233,ONEIDA,HUNTINGDON,PA
2141,ORBISONIA,HUNTINGDON,PA
1305,PENN,HUNTINGDON,PA
1998,PETERSBURG,HUNTINGDON,PA
896,PORTER,HUNTINGDON,PA
2000,ROCKHILL,HUNTINGDON,PA
2494,SALTILLO,HUNTINGDON,PA
2496,SHADE GAP,HUNTINGDON,PA
898,SHIRLEY,HUNTINGDON,PA
2005,SHIRLEYSBURG,HUNTINGDON,PA
1866,SMITHFIELD,HUNTINGDON,PA
2254,SPRINGFIELD,HUNTINGDON,PA
2294,SPRUCE CREEK,HUNTINGDON,PA
2047,TELL,HUNTINGDON,PA
2007,THREE SPRINGS,HUNTINGDON,PA
1660,TODD,HUNTINGDON,PA
1700,UNION,HUNTINGDON,PA
1670,WALKER,HUNTINGDON,PA
1911,WARRIORS MARK,HUNTINGDON,PA
1793,WEST,HUNTINGDON,PA
1949,WOOD,HUNTINGDON,PA
2213,ARMAGH,INDIANA,PA
2308,ARMSTRONG,INDIANA,PA
2311,BANKS,INDIANA,PA
1822,BLACKLICK,INDIANA,PA
2489,BLAIRSVILLE,INDIANA,PA
2517,BRUSH VALLEY,INDIANA,PA
2542,BUFFINGTON,INDIANA,PA
2544,BURRELL,INDIANA,PA
2255,CANOE,INDIANA,PA
2257,CENTER,INDIANA,PA
1662,CHERRY TREE,INDIANA,PA
1853,CHERRYHILL,INDIANA,PA
1663,CLYMER,INDIANA,PA
2520,CONEMAUGH,INDIANA,PA
1665,CREEKSIDE,INDIANA,PA
2571,EAST MAHONING,INDIANA,PA
2211,EAST WHEATFIELD,INDIANA,PA
2504,ERNEST,INDIANA,PA
2344,GLEN CAMPBELL,INDIANA,PA
1727,GRANT,INDIANA,PA
1750,GREEN,INDIANA,PA
1656,HOMER CITY,INDIANA,PA
1658,INDIANA,INDIANA,PA
2039,MARION CENTER,INDIANA,PA
1703,MONTGOMERY,INDIANA,PA
1705,NORTH MAHONING,INDIANA,PA
1807,PINE,INDIANA,PA
2525,PLUMVILLE,INDIANA,PA
2449,RAYNE,INDIANA,PA
2206,SALTSBURG,INDIANA,PA
2527,SHELOCTA,INDIANA,PA
2548,SMICKSBURG,INDIANA,PA
1966,SOUTH MAHONING,INDIANA,PA
1968,WASHINGTON,INDIANA,PA
2568,WEST MAHONING,INDIANA,PA
1749,WEST WHEATFIELD,INDIANA,PA
2453,WHITE,INDIANA,PA
1864,YOUNG,INDIANA,PA
2055,BARNETT,JEFFERSON,PA
1836,BEAVER,JEFFERSON,PA
1834,BELL,JEFFERSON,PA
1770,BIG RUN,JEFFERSON,PA
1991,BROCKWAY,JEFFERSON,PA
1993,BROOKVILLE,JEFFERSON,PA
2040,CLOVER,JEFFERSON,PA
1974,CORSICA,JEFFERSON,PA
2263,ELDRED,JEFFERSON,PA
1976,FALLS CREEK,JEFFERSON,PA
1983,GASKILL,JEFFERSON,PA
1986,HEATH,JEFFERSON,PA
2241,HENDERSON,JEFFERSON,PA
2243,KNOX,JEFFERSON,PA
2244,MCCALMONT,JEFFERSON,PA
873,OLIVER,JEFFERSON,PA
2145,PERRY,JEFFERSON,PA
1768,PINE CREEK,JEFFERSON,PA
2507,POLK,JEFFERSON,PA
2528,PORTER,JEFFERSON,PA
1978,PUNXSUTAWNEY,JEFFERSON,PA
1980,REYNOLDSVILLE,JEFFERSON,PA
2529,RINGGOLD,JEFFERSON,PA
2531,ROSE,JEFFERSON,PA
1909,SNYDER,JEFFERSON,PA
2465,SUMMERVILLE,JEFFERSON,PA
2451,SYKESVILLE,JEFFERSON,PA
2487,TIMBLIN,JEFFERSON,PA
2446,UNION,JEFFERSON,PA
2448,WARSAW,JEFFERSON,PA
2075,WASHINGTON,JEFFERSON,PA
2492,WINSLOW,JEFFERSON,PA
1775,WORTHVILLE,JEFFERSON,PA
2442,YOUNG,JEFFERSON,PA
1818,BEALE,JUNIATA,PA
2498,DELAWARE,JUNIATA,PA
1987,FAYETTE,JUNIATA,PA
2032,FERMANAGH,JUNIATA,PA
2203,GREENWOOD,JUNIATA,PA
1868,LACK,JUNIATA,PA
2042,MIFFLIN,JUNIATA,PA
2044,MIFFLINTOWN,JUNIATA,PA
2035,MILFORD,JUNIATA,PA
2036,MONROE,JUNIATA,PA
2011,PORT ROYAL,JUNIATA,PA
2186,SPRUCE HILL,JUNIATA,PA
2188,SUSQUEHANNA,JUNIATA,PA
2287,THOMPSONTOWN,JUNIATA,PA
2038,TURBETT,JUNIATA,PA
2210,TUSCARORA,JUNIATA,PA
1815,WALKER,JUNIATA,PA
2418,ARCHBALD,LACKAWANNA,PA
1826,BENTON,LACKAWANNA,PA
2057,BLAKELY,LACKAWANNA,PA
335,CARBONDALE,LACKAWANNA,PA
2202,CLARKS GREEN,LACKAWANNA,PA
1773,CLARKS SUMMIT,LACKAWANNA,PA
1831,CLIFTON,LACKAWANNA,PA
2251,COVINGTON,LACKAWANNA,PA
2110,DALTON,LACKAWANNA,PA
2112,DICKSON CITY,LACKAWANNA,PA
2511,DUNMORE,LACKAWANNA,PA
2545,ELMHURST,LACKAWANNA,PA
1832,FELL,LACKAWANNA,PA
1938,GLENBURN,LACKAWANNA,PA
1753,GREENFIELD,LACKAWANNA,PA
1755,JEFFERSON,LACKAWANNA,PA
1731,JERMYN,LACKAWANNA,PA
206,JESSUP,LACKAWANNA,PA
2551,LA PLUME,LACKAWANNA,PA
1777,MADISON,LACKAWANNA,PA
1733,MAYFIELD,LACKAWANNA,PA
2008,MOOSIC,LACKAWANNA,PA
2481,MOSCOW,LACKAWANNA,PA
1779,NEWTON,LACKAWANNA,PA
2483,NORTH ABINGTON,LACKAWANNA,PA
2334,OLD FORGE,LACKAWANNA,PA
2336,OLYPHANT,LACKAWANNA,PA
2049,RANSOM,LACKAWANNA,PA
2051,ROARING BROOK,LACKAWANNA,PA
2053,SCOTT,LACKAWANNA,PA
337,SCRANTON,LACKAWANNA,PA
2147,SOUTH ABINGTON,LACKAWANNA,PA
2148,SPRING BROOK,LACKAWANNA,PA
1646,TAYLOR,LACKAWANNA,PA
2443,THORNHURST,LACKAWANNA,PA
2338,THROOP,LACKAWANNA,PA
2341,VANDLING,LACKAWANNA,PA
1824,WAVERLY,LACKAWANNA,PA
2475,WEST ABINGTON,LACKAWANNA,PA
1125,ADAMSTOWN,LANCASTER,PA
1489,AKRON,LANCASTER,PA
2113,BART,LANCASTER,PA
2462,BRECKNOCK,LANCASTER,PA
2464,CAERNARVON,LANCASTER,PA
1370,CHRISTIANA,LANCASTER,PA
2010,CLAY,LANCASTER,PA
2539,COLERAIN,LANCASTER,PA
1274,COLUMBIA,LANCASTER,PA
2022,CONESTOGA,LANCASTER,PA
2421,CONOY,LANCASTER,PA
1276,DENVER,LANCASTER,PA
1695,DRUMORE,LANCASTER,PA
2156,EARL,LANCASTER,PA
1884,EAST COCALICO,LANCASTER,PA
2204,EAST DONEGAL,LANCASTER,PA
2353,EAST DRUMORE,LANCASTER,PA
2484,EAST EARL,LANCASTER,PA
1869,EAST HEMPFIELD,LANCASTER,PA
1737,EAST LAMPETER,LANCASTER,PA
1278,EAST PETERSBURG,LANCASTER,PA
2427,EDEN,LANCASTER,PA
2429,ELIZABETH,LANCASTER,PA
2423,ELIZABETHTOWN,LANCASTER,PA
2037,EPHRATA,LANCASTER,PA
1995,EPHRATA,LANCASTER,PA
1810,FULTON,LANCASTER,PA
429,LANCASTER,LANCASTER,PA
2236,LEACOCK,LANCASTER,PA
2150,LITITZ,LANCASTER,PA
2238,LITTLE BRITAIN,LANCASTER,PA
2026,MANHEIM,LANCASTER,PA
2499,MANHEIM,LANCASTER,PA
2239,MANOR,LANCASTER,PA
1306,MARIETTA,LANCASTER,PA
1540,MARTIC,LANCASTER,PA
1738,MILLERSVILLE,LANCASTER,PA
2208,MOUNT JOY,LANCASTER,PA
2278,MOUNTVILLE,LANCASTER,PA
2471,MT JOY,LANCASTER,PA
2019,NEW HOLLAND,LANCASTER,PA
1223,PARADISE,LANCASTER,PA
1610,PENN,LANCASTER,PA
984,PEQUEA,LANCASTER,PA
1192,PROVIDENCE,LANCASTER,PA
1687,QUARRYVILLE,LANCASTER,PA
2043,RAPHO,LANCASTER,PA
2249,SADSBURY,LANCASTER,PA
2430,SALISBURY,LANCASTER,PA
1736,STRASBURG,LANCASTER,PA
1692,STRASBURG,LANCASTER,PA
1694,TERRE HILL,LANCASTER,PA
2416,UPPER LEACOCK,LANCASTER,PA
2045,WARWICK,LANCASTER,PA
2280,WEST COCALICO,LANCASTER,PA
1771,WEST DONEGAL,LANCASTER,PA
1764,WEST EARL,LANCASTER,PA
1930,WEST HEMPFIELD,LANCASTER,PA
1859,WEST LAMPETER,LANCASTER,PA
2171,BESSEMER,LAWRENCE,PA
1804,ELLPORT,LAWRENCE,PA
1744,ELLWOOD CITY,LAWRENCE,PA
1789,ENON VALLEY,LAWRENCE,PA
2450,HICKORY,LAWRENCE,PA
2107,LITTLE BEAVER,LAWRENCE,PA
1742,MAHONING,LAWRENCE,PA
2486,NESHANNOCK,LAWRENCE,PA
2439,NEW BEAVER,LAWRENCE,PA
2559,NEW CASTLE,LAWRENCE,PA
2138,NEW WILMINGTON,LAWRENCE,PA
1936,NORTH BEAVER,LAWRENCE,PA
2417,PERRY,LAWRENCE,PA
2352,PLAIN GROVE,LAWRENCE,PA
2356,PULASKI,LAWRENCE,PA
2332,S.N.P.J.,LAWRENCE,PA
2397,SCOTT,LAWRENCE,PA
1774,SHENANGO,LAWRENCE,PA
2154,SLIPPERY ROCK,LAWRENCE,PA
2106,SOUTH NEW CASTLE,LAWRENCE,PA
1817,TAYLOR,LAWRENCE,PA
2557,UNION,LAWRENCE,PA
1973,VOLANT,LAWRENCE,PA
2436,WAMPUM,LAWRENCE,PA
1970,WASHINGTON,LAWRENCE,PA
1935,WAYNE,LAWRENCE,PA
2246,WILMINGTON,LAWRENCE,PA
1079,ANNVILLE,LEBANON,PA
2567,BETHEL,LEBANON,PA
2115,CLEONA,LEBANON,PA
666,COLD SPRING,LEBANON,PA
1783,CORNWALL,LEBANON,PA
2388,EAST HANOVER,LEBANON,PA
2390,HEIDELBERG,LEBANON,PA
2349,JACKSON,LEBANON,PA
1786,JONESTOWN,LEBANON,PA
1677,LEBANON,LEBANON,PA
2116,MILLCREEK,LEBANON,PA
2274,MOUNT GRETNA,LEBANON,PA
1651,MYERSTOWN,LEBANON,PA
2118,NORTH ANNVILLE,LEBANON,PA
2297,NORTH CORNWALL,LEBANON,PA
2261,NORTH LEBANON,LEBANON,PA
254,NORTH LONDONDERRY,LEBANON,PA
1652,PALMYRA,LEBANON,PA
1654,RICHLAND,LEBANON,PA
1984,SOUTH ANNVILLE,LEBANON,PA
2399,SOUTH LEBANON,LEBANON,PA
1394,SOUTH LONDONDERRY,LEBANON,PA
1396,SWATARA,LEBANON,PA
1309,UNION,LEBANON,PA
2501,WEST CORNWALL,LEBANON,PA
1080,WEST LEBANON,LEBANON,PA
1179,ALBURTIS,LEHIGH,PA
1746,ALLENTOWN,LEHIGH,PA
2105,BETHLEHEM,LEHIGH,PA
2158,CATASAUQUA,LEHIGH,PA
2193,COOPERSBURG,LEHIGH,PA
2477,COPLAY,LEHIGH,PA
2031,EMMAUS,LEHIGH,PA
1720,FOUNTAIN HILL,LEHIGH,PA
1906,HANOVER,LEHIGH,PA
1908,HEIDELBERG,LEHIGH,PA
1766,LOWER MACUNGIE,LEHIGH,PA
1971,LOWER MILFORD,LEHIGH,PA
1683,LOWHILL,LEHIGH,PA
1685,LYNN,LEHIGH,PA
2195,MACUNGIE,LEHIGH,PA
1698,NORTH WHITEHALL,LEHIGH,PA
1932,SALISBURY,LEHIGH,PA
1972,SLATINGTON,LEHIGH,PA
2566,SOUTH WHITEHALL,LEHIGH,PA
2065,UPPER MACUNGIE,LEHIGH,PA
1238,UPPER MILFORD,LEHIGH,PA
2135,UPPER SAUCON,LEHIGH,PA
2137,WASHINGTON,LEHIGH,PA
1690,WEISENBERG,LEHIGH,PA
872,WHITEHALL,LEHIGH,PA
2152,ASHLEY,LUZERNE,PA
1734,AVOCA,LUZERNE,PA
1954,BEAR CREEK,LUZERNE,PA
644,BEAR CREEK VILLAGE,LUZERNE,PA
2180,BLACK CREEK,LUZERNE,PA
2182,BUCK,LUZERNE,PA
1722,BUTLER,LUZERNE,PA
2029,CONYNGHAM,LUZERNE,PA
2230,CONYNGHAM,LUZERNE,PA
1367,COURTDALE,LUZERNE,PA
1604,DALLAS,LUZERNE,PA
1947,DENNISON,LUZERNE,PA
1188,DORRANCE,LUZERNE,PA
1606,DUPONT,LUZERNE,PA
1172,DURYEA,LUZERNE,PA
1173,EDWARDSVILLE,LUZERNE,PA
189,EXETER,LUZERNE,PA
913,EXETER,LUZERNE,PA
901,FAIRMOUNT,LUZERNE,PA
903,FAIRVIEW,LUZERNE,PA
915,FORTY FORT,LUZERNE,PA
885,FOSTER,LUZERNE,PA
888,FRANKLIN,LUZERNE,PA
917,FREELAND,LUZERNE,PA
2445,HANOVER,LUZERNE,PA
1009,HARVEYS LAKE,LUZERNE,PA
1728,HAZLE,LUZERNE,PA
2473,HAZLETON,LUZERNE,PA
784,HOLLENBACK,LUZERNE,PA
2218,HUGHESTOWN,LUZERNE,PA
796,HUNLOCK,LUZERNE,PA
798,HUNTINGTON,LUZERNE,PA
1070,JACKSON,LUZERNE,PA
918,JEDDO,LUZERNE,PA
1461,JENKINS,LUZERNE,PA
1863,KINGSTON,LUZERNE,PA
2223,KINGSTON,LUZERNE,PA
1054,LAFLIN,LUZERNE,PA
919,LAKE,LUZERNE,PA
782,LARKSVILLE,LUZERNE,PA
1620,LAUREL RUN,LUZERNE,PA
920,LEHMAN,LUZERNE,PA
1622,LUZERNE,LUZERNE,PA
2326,NANTICOKE,LUZERNE,PA
1137,NESCOPECK,LUZERNE,PA
1888,NESCOPECK,LUZERNE,PA
1315,NEW COLUMBUS,LUZERNE,PA
1741,NEWPORT,LUZERNE,PA
1317,NUANGOLA,LUZERNE,PA
569,PENN LAKE PARK,LUZERNE,PA
1927,PITTSTON,LUZERNE,PA
2413,PITTSTON,LUZERNE,PA
2074,PLAINS,LUZERNE,PA
2391,PLYMOUTH,LUZERNE,PA
1131,PLYMOUTH,LUZERNE,PA
632,PRINGLE,LUZERNE,PA
2393,RICE,LUZERNE,PA
2027,ROSS,LUZERNE,PA
2444,SALEM,LUZERNE,PA
634,SHICKSHINNY,LUZERNE,PA
2431,SLOCUM,LUZERNE,PA
1324,SUGAR NOTCH,LUZERNE,PA
2313,SUGARLOAF,LUZERNE,PA
1325,SWOYERSVILLE,LUZERNE,PA
1649,UNION,LUZERNE,PA
924,WARRIOR RUN,LUZERNE,PA
858,WEST HAZLETON,LUZERNE,PA
860,WEST PITTSTON,LUZERNE,PA
1600,WEST WYOMING,LUZERNE,PA
1602,WHITE HAVEN,LUZERNE,PA
2424,WILKES-BARRE,LUZERNE,PA
1729,WILKES-BARRE,LUZERNE,PA
197,WRIGHT,LUZERNE,PA
1243,WYOMING,LUZERNE,PA
1158,YATESVILLE,LUZERNE,PA
652,ANTHONY,LYCOMING,PA
985,ARMSTRONG,LYCOMING,PA
861,BASTRESS,LYCOMING,PA
1589,BRADY,LYCOMING,PA
1124,BROWN,LYCOMING,PA
435,CASCADE,LYCOMING,PA
1580,CLINTON,LYCOMING,PA
1536,COGAN HOUSE,LYCOMING,PA
1311,CUMMINGS,LYCOMING,PA
1397,DUBOISTOWN,LYCOMING,PA
341,ELDRED,LYCOMING,PA
2490,FAIRFIELD,LYCOMING,PA
1128,FRANKLIN,LYCOMING,PA
1136,GAMBLE,LYCOMING,PA
332,HEPBURN,LYCOMING,PA
2227,HUGHESVILLE,LYCOMING,PA
334,JACKSON,LYCOMING,PA
921,JERSEY SHORE,LYCOMING,PA
961,JORDAN,LYCOMING,PA
1362,LEWIS,LYCOMING,PA
931,LIMESTONE,LYCOMING,PA
2480,LOYALSOCK,LYCOMING,PA
933,LYCOMING,LYCOMING,PA
1145,MCHENRY,LYCOMING,PA
1148,MCINTYRE,LYCOMING,PA
1151,MCNETT,LYCOMING,PA
1161,MIFFLIN,LYCOMING,PA
1134,MILL CREEK,LYCOMING,PA
923,MONTGOMERY,LYCOMING,PA
940,MONTOURSVILLE,LYCOMING,PA
871,MORELAND,LYCOMING,PA
944,MUNCY,LYCOMING,PA
1569,MUNCY CREEK,LYCOMING,PA
1618,NIPPENOSE,LYCOMING,PA
1152,OLD LYCOMING,LYCOMING,PA
481,PENN,LYCOMING,PA
483,PIATT,LYCOMING,PA
868,PICTURE ROCKS,LYCOMING,PA
972,PINE,LYCOMING,PA
285,PLUNKETTS CREEK,LYCOMING,PA
1181,PORTER,LYCOMING,PA
869,SALLADASBURG,LYCOMING,PA
862,SHREWSBURY,LYCOMING,PA
421,SOUTH WILLIAMSPORT,LYCOMING,PA
1313,SUSQUEHANNA,LYCOMING,PA
1120,UPPER FAIRFIELD,LYCOMING,PA
990,WASHINGTON,LYCOMING,PA
1544,WATSON,LYCOMING,PA
330,WILLIAMSPORT,LYCOMING,PA
338,WOLF,LYCOMING,PA
306,WOODWARD,LYCOMING,PA
422,ANNIN,MCKEAN,PA
1092,BRADFORD,MCKEAN,PA
188,CERES,MCKEAN,PA
1321,CORYDON,MCKEAN,PA
1257,ELDRED,MCKEAN,PA
1087,ELDRED,MCKEAN,PA
2521,FOSTER,MCKEAN,PA
2317,HAMILTON,MCKEAN,PA
911,HAMLIN,MCKEAN,PA
1258,KANE,MCKEAN,PA
191,KEATING,MCKEAN,PA
2216,LAFAYETTE,MCKEAN,PA
95,LEWIS RUN,MCKEAN,PA
193,LIBERTY,MCKEAN,PA
909,MOUNT JEWETT,MCKEAN,PA
485,NORWICH,MCKEAN,PA
1266,OTTO,MCKEAN,PA
925,PORT ALLEGANY,MCKEAN,PA
219,SERGEANT,MCKEAN,PA
2167,SMETHPORT,MCKEAN,PA
1485,WETMORE,MCKEAN,PA
853,CLARK,MERCER,PA
1608,COOLSPRING,MERCER,PA
1368,DEER CREEK,MERCER,PA
1259,DELAWARE,MERCER,PA
1261,EAST LACKAWANNOCK,MERCER,PA
1175,FAIRVIEW,MERCER,PA
1225,FARRELL,MERCER,PA
1135,FINDLEY,MERCER,PA
1071,FREDONIA,MERCER,PA
1272,FRENCH CREEK,MERCER,PA
1140,GREENE,MERCER,PA
769,GREENVILLE,MERCER,PA
1356,GROVE CITY,MERCER,PA
2523,HEMPFIELD,MERCER,PA
1082,HERMITAGE,MERCER,PA
2221,JACKSON,MERCER,PA
1072,JACKSON CENTER,MERCER,PA
828,JAMESTOWN,MERCER,PA
1059,JEFFERSON,MERCER,PA
1062,LACKAWANNOCK,MERCER,PA
1065,LAKE,MERCER,PA
804,LIBERTY,MERCER,PA
1285,MERCER,MERCER,PA
1115,MILL CREEK,MERCER,PA
792,NEW LEBANON,MERCER,PA
1037,NEW VERNON,MERCER,PA
1444,OTTER CREEK,MERCER,PA
1142,PERRY,MERCER,PA
1948,PINE,MERCER,PA
419,PYMATUNING,MERCER,PA
741,SALEM,MERCER,PA
1615,SANDY CREEK,MERCER,PA
1010,SANDY LAKE,MERCER,PA
1032,SHARON,MERCER,PA
1443,SHARPSVILLE,MERCER,PA
1292,SHEAKLEYVILLE,MERCER,PA
843,SHENANGO,MERCER,PA
905,SOUTH PYMATUNING,MERCER,PA
982,SPRINGFIELD,MERCER,PA
815,STONEBORO,MERCER,PA
937,SUGAR GROVE,MERCER,PA
1003,WEST MIDDLESEX,MERCER,PA
2172,WEST SALEM,MERCER,PA
825,WHEATLAND,MERCER,PA
991,WILMINGTON,MERCER,PA
994,WOLF CREEK,MERCER,PA
1129,WORTH,MERCER,PA
1239,ARMAGH,MIFFLIN,PA
159,BRATTON,MIFFLIN,PA
67,BROWN,MIFFLIN,PA
774,BURNHAM,MIFFLIN,PA
362,DECATUR,MIFFLIN,PA
1512,DERRY,MIFFLIN,PA
2534,GRANVILLE,MIFFLIN,PA
1586,JUNIATA TERRACE,MIFFLIN,PA
2162,KISTLER,MIFFLIN,PA
1509,LEWISTOWN,MIFFLIN,PA
967,MCVEYTOWN,MIFFLIN,PA
1411,MENNO,MIFFLIN,PA
1207,NEWTON HAMILTON,MIFFLIN,PA
790,OLIVER,MIFFLIN,PA
1286,UNION,MIFFLIN,PA
1289,WAYNE,MIFFLIN,PA
1588,BARRETT,MONROE,PA
1635,CHESTNUTHILL,MONROE,PA
1291,COOLBAUGH,MONROE,PA
1576,DELAWARE WATER GAP,MONROE,PA
1216,EAST STROUDSBURG,MONROE,PA
780,ELDRED,MONROE,PA
1413,HAMILTON,MONROE,PA
946,JACKSON,MONROE,PA
705,MIDDLE SMITHFIELD,MONROE,PA
1251,MT POCONO,MONROE,PA
1581,PARADISE,MONROE,PA
1631,POCONO,MONROE,PA
1501,POLK,MONROE,PA
1504,PRICE,MONROE,PA
1465,ROSS,MONROE,PA
1163,SMITHFIELD,MONROE,PA
1839,STROUD,MONROE,PA
1379,STROUDSBURG,MONROE,PA
824,TOBYHANNA,MONROE,PA
1391,TUNKHANNOCK,MONROE,PA
2561,ABINGTON,MONTGOMERY,PA
800,AMBLER,MONTGOMERY,PA
759,BRIDGEPORT,MONTGOMERY,PA
1408,BRYN ATHYN,MONTGOMERY,PA
1456,CHELTENHAM,MONTGOMERY,PA
1233,COLLEGEVILLE,MONTGOMERY,PA
742,CONSHOHOCKEN,MONTGOMERY,PA
1018,DOUGLASS,MONTGOMERY,PA
290,EAST GREENVILLE,MONTGOMERY,PA
2095,EAST NORRITON,MONTGOMERY,PA
2310,FRANCONIA,MONTGOMERY,PA
617,GREEN LANE,MONTGOMERY,PA
658,HATBORO,MONTGOMERY,PA
1505,HATFIELD,MONTGOMERY,PA
762,HATFIELD,MONTGOMERY,PA
1821,HORSHAM,MONTGOMERY,PA
1007,JENKINTOWN,MONTGOMERY,PA
1629,LANSDALE,MONTGOMERY,PA
1020,LIMERICK,MONTGOMERY,PA
766,LOWER FREDERICK,MONTGOMERY,PA
1470,LOWER GWYNEDD,MONTGOMERY,PA
1508,LOWER MERION,MONTGOMERY,PA
1447,LOWER MORELAND,MONTGOMERY,PA
1046,LOWER POTTSGROVE,MONTGOMERY,PA
2077,LOWER PROVIDENCE,MONTGOMERY,PA
1376,LOWER SALFORD,MONTGOMERY,PA
1186,MARLBOROUGH,MONTGOMERY,PA
2513,MONTGOMERY,MONTGOMERY,PA
1214,NARBERTH,MONTGOMERY,PA
1633,NEW HANOVER,MONTGOMERY,PA
1495,NORRISTOWN,MONTGOMERY,PA
1424,NORTH WALES,MONTGOMERY,PA
1244,PENNSBURG,MONTGOMERY,PA
2189,PERKIOMEN,MONTGOMERY,PA
1255,PLYMOUTH,MONTGOMERY,PA
1246,POTTSTOWN,MONTGOMERY,PA
54,RED HILL,MONTGOMERY,PA
346,ROCKLEDGE,MONTGOMERY,PA
541,ROYERSFORD,MONTGOMERY,PA
819,SALFORD,MONTGOMERY,PA
277,SCHWENKSVILLE,MONTGOMERY,PA
1169,SKIPPACK,MONTGOMERY,PA
62,SOUDERTON,MONTGOMERY,PA
1256,SPRINGFIELD,MONTGOMERY,PA
719,TELFORD,MONTGOMERY,PA
2258,TOWAMENCIN,MONTGOMERY,PA
844,TRAPPE,MONTGOMERY,PA
777,UPPER DUBLIN,MONTGOMERY,PA
949,UPPER FREDERICK,MONTGOMERY,PA
1011,UPPER GWYNEDD,MONTGOMERY,PA
811,UPPER HANOVER,MONTGOMERY,PA
1467,UPPER MERION,MONTGOMERY,PA
1484,UPPER MORELAND,MONTGOMERY,PA
2003,UPPER POTTSGROVE,MONTGOMERY,PA
2288,UPPER PROVIDENCE,MONTGOMERY,PA
1029,UPPER SALFORD,MONTGOMERY,PA
1421,WEST CONSHOHOCKEN,MONTGOMERY,PA
1211,WEST NORRITON,MONTGOMERY,PA
1590,WEST POTTSGROVE,MONTGOMERY,PA
781,WHITEMARSH,MONTGOMERY,PA
2290,WHITPAIN,MONTGOMERY,PA
1419,WORCESTER,MONTGOMERY,PA
1597,ANTHONY,MONTOUR,PA
1426,COOPER,MONTOUR,PA
1196,DANVILLE,MONTOUR,PA
1039,DERRY,MONTOUR,PA
935,LIBERTY,MONTOUR,PA
1213,LIMESTONE,MONTOUR,PA
2071,MAHONING,MONTOUR,PA
997,MAYBERRY,MONTOUR,PA
1000,VALLEY,MONTOUR,PA
614,WASHINGTONVILLE,MONTOUR,PA
1593,WEST HEMLOCK,MONTOUR,PA
703,ALLEN,NORTHAMPTON,PA
293,BANGOR,NORTHAMPTON,PA
269,BATH,NORTHAMPTON,PA
511,BETHLEHEM,NORTHAMPTON,PA
458,BETHLEHEM,NORTHAMPTON,PA
250,BUSHKILL,NORTHAMPTON,PA
326,CHAPMAN,NORTHAMPTON,PA
598,EAST ALLEN,NORTHAMPTON,PA
1440,EAST BANGOR,NORTHAMPTON,PA
291,EASTON,NORTHAMPTON,PA
51,FORKS,NORTHAMPTON,PA
543,FREEMANSBURG,NORTHAMPTON,PA
567,GLENDON,NORTHAMPTON,PA
899,HANOVER,NORTHAMPTON,PA
711,HELLERTOWN,NORTHAMPTON,PA
225,LEHIGH,NORTHAMPTON,PA
228,LOWER MT BETHEL,NORTHAMPTON,PA
194,LOWER NAZARETH,NORTHAMPTON,PA
659,LOWER SAUCON,NORTHAMPTON,PA
661,MOORE,NORTHAMPTON,PA
707,NAZARETH,NORTHAMPTON,PA
612,NORTH CATASAUQUA,NORTHAMPTON,PA
177,NORTHAMPTON,NORTHAMPTON,PA
2295,PALMER,NORTHAMPTON,PA
733,PEN ARGYL,NORTHAMPTON,PA
106,PLAINFIELD,NORTHAMPTON,PA
1439,PORTLAND,NORTHAMPTON,PA
170,ROSETO,NORTHAMPTON,PA
674,STOCKERTOWN,NORTHAMPTON,PA
112,TATAMY,NORTHAMPTON,PA
107,UPPER MT BETHEL,NORTHAMPTON,PA
1661,UPPER NAZARETH,NORTHAMPTON,PA
520,WALNUTPORT,NORTHAMPTON,PA
1701,WASHINGTON,NORTHAMPTON,PA
163,WEST EASTON,NORTHAMPTON,PA
509,WILLIAMS,NORTHAMPTON,PA
2080,WILSON,NORTHAMPTON,PA
324,WIND GAP,NORTHAMPTON,PA
2300,COAL,NORTHUMBERLAND,PA
565,DELAWARE,NORTHUMBERLAND,PA
201,EAST CAMERON,NORTHUMBERLAND,PA
410,EAST CHILLISQUAQUE,NORTHUMBERLAND,PA
700,HERNDON,NORTHUMBERLAND,PA
64,JACKSON,NORTHUMBERLAND,PA
158,JORDAN,NORTHUMBERLAND,PA
316,KULPMONT,NORTHUMBERLAND,PA
597,LEWIS,NORTHUMBERLAND,PA
187,LITTLE MAHANOY,NORTHUMBERLAND,PA
202,LOWER AUGUSTA,NORTHUMBERLAND,PA
205,LOWER MAHANOY,NORTHUMBERLAND,PA
319,MARION HEIGHTS,NORTHUMBERLAND,PA
518,MCEWENSVILLE,NORTHUMBERLAND,PA
668,MILTON,NORTHUMBERLAND,PA
718,MOUNT CARMEL,NORTHUMBERLAND,PA
1726,MT CARMEL,NORTHUMBERLAND,PA
488,NORTHUMBERLAND,NORTHUMBERLAND,PA
2199,POINT,NORTHUMBERLAND,PA
528,RALPHO,NORTHUMBERLAND,PA
2381,RIVERSIDE,NORTHUMBERLAND,PA
534,ROCKEFELLER,NORTHUMBERLAND,PA
537,RUSH,NORTHUMBERLAND,PA
574,SHAMOKIN,NORTHUMBERLAND,PA
343,SHAMOKIN,NORTHUMBERLAND,PA
151,SNYDERTOWN,NORTHUMBERLAND,PA
240,SUNBURY,NORTHUMBERLAND,PA
2303,TURBOT,NORTHUMBERLAND,PA
608,TURBOTVILLE,NORTHUMBERLAND,PA
2306,UPPER AUGUSTA,NORTHUMBERLAND,PA
670,UPPER MAHANOY,NORTHUMBERLAND,PA
672,WASHINGTON,NORTHUMBERLAND,PA
186,WATSONTOWN,NORTHUMBERLAND,PA
390,WEST CAMERON,NORTHUMBERLAND,PA
118,WEST CHILLISQUAQUE,NORTHUMBERLAND,PA
162,ZERBE,NORTHUMBERLAND,PA
259,BLAIN,PERRY,PA
374,BLOOMFIELD,PERRY,PA
395,BUFFALO,PERRY,PA
322,CARROLL,PERRY,PA
57,CENTRE,PERRY,PA
48,DUNCANNON,PERRY,PA
195,GREENWOOD,PERRY,PA
355,HOWE,PERRY,PA
1330,JACKSON,PERRY,PA
273,JUNIATA,PERRY,PA
134,LANDISBURG,PERRY,PA
136,LIVERPOOL,PERRY,PA
571,MARYSVILLE,PERRY,PA
238,MILLER,PERRY,PA
359,MILLERSTOWN,PERRY,PA
361,NEW BUFFALO,PERRY,PA
530,NEWPORT,PERRY,PA
708,NORTHEAST MADISON,PERRY,PA
120,OLIVER,PERRY,PA
184,PENN,PERRY,PA
146,RYE,PERRY,PA
402,SAVILLE,PERRY,PA
403,SOUTHWEST MADISON,PERRY,PA
405,SPRING,PERRY,PA
704,TOBOYNE,PERRY,PA
1383,TUSCARORA,PERRY,PA
59,TYRONE,PERRY,PA
297,WATTS,PERRY,PA
311,WHEATFIELD,PERRY,PA
1323,PHILADELPHIA,PHILADELPHIA,PA
412,BLOOMING GROVE,PIKE,PA
99,DELAWARE,PIKE,PA
123,DINGMAN,PIKE,PA
234,GREENE,PIKE,PA
237,LACKAWAXEN,PIKE,PA
624,LEHMAN,PIKE,PA
295,MATAMORAS,PIKE,PA
350,MILFORD,PIKE,PA
1336,PALMYRA,PIKE,PA
313,PORTER,PIKE,PA
315,SHOHOLA,PIKE,PA
96,WESTFALL,PIKE,PA
351,ABBOTT,POTTER,PA
353,ALLEGANY,POTTER,PA
501,AUSTIN,POTTER,PA
263,BINGHAM,POTTER,PA
514,CLARA,POTTER,PA
504,COUDERSPORT,POTTER,PA
736,EULALIA,POTTER,PA
370,GALETON,POTTER,PA
740,GENESEE,POTTER,PA
380,HARRISON,POTTER,PA
261,HEBRON,POTTER,PA
279,HECTOR,POTTER,PA
80,HOMER,POTTER,PA
100,KEATING,POTTER,PA
87,OSWAYO,POTTER,PA
473,OSWAYO,POTTER,PA
387,PIKE,POTTER,PA
1432,PLEASANT VALLEY,POTTER,PA
211,PORTAGE,POTTER,PA
465,ROULETTE,POTTER,PA
1338,SHARON,POTTER,PA
174,SHINGLEHOUSE,POTTER,PA
2269,STEWARDSON,POTTER,PA
2272,SUMMIT,POTTER,PA
588,SWEDEN,POTTER,PA
24,SYLVANIA,POTTER,PA
470,ULYSSES,POTTER,PA
27,ULYSSES,POTTER,PA
103,WEST BRANCH,POTTER,PA
105,WHARTON,POTTER,PA
127,ASHLAND,SCHUYLKILL,PA
129,AUBURN,SCHUYLKILL,PA
37,BARRY,SCHUYLKILL,PA
557,BLYTHE,SCHUYLKILL,PA
376,BRANCH,SCHUYLKILL,PA
748,BUTLER,SCHUYLKILL,PA
583,CASS,SCHUYLKILL,PA
1101,COALDALE,SCHUYLKILL,PA
533,CRESSONA,SCHUYLKILL,PA
579,DEER LAKE,SCHUYLKILL,PA
176,DELANO,SCHUYLKILL,PA
393,EAST BRUNSWICK,SCHUYLKILL,PA
367,EAST NORWEGIAN,SCHUYLKILL,PA
696,EAST UNION,SCHUYLKILL,PA
735,ELDRED,SCHUYLKILL,PA
1388,FOSTER,SCHUYLKILL,PA
139,FRACKVILLE,SCHUYLKILL,PA
21,FRAILEY,SCHUYLKILL,PA
89,GILBERTON,SCHUYLKILL,PA
31,GIRARDVILLE,SCHUYLKILL,PA
1236,GORDON,SCHUYLKILL,PA
1390,HEGINS,SCHUYLKILL,PA
39,HUBLEY,SCHUYLKILL,PA
41,KLINE,SCHUYLKILL,PA
130,LANDINGVILLE,SCHUYLKILL,PA
618,MAHANOY,SCHUYLKILL,PA
1429,MAHANOY CITY,SCHUYLKILL,PA
1710,MCADOO,SCHUYLKILL,PA
348,MECHANICSVILLE,SCHUYLKILL,PA
446,MIDDLEPORT,SCHUYLKILL,PA
449,MINERSVILLE,SCHUYLKILL,PA
417,MOUNT CARBON,SCHUYLKILL,PA
173,NEW CASTLE,SCHUYLKILL,PA
93,NEW PHILADELPHIA,SCHUYLKILL,PA
214,NEW RINGGOLD,SCHUYLKILL,PA
1846,NORTH MANHEIM,SCHUYLKILL,PA
438,NORTH UNION,SCHUYLKILL,PA
1708,NORWEGIAN,SCHUYLKILL,PA
479,ORWIGSBURG,SCHUYLKILL,PA
593,PALO ALTO,SCHUYLKILL,PA
1427,PINE GROVE,SCHUYLKILL,PA
546,PORT CARBON,SCHUYLKILL,PA
739,PORT CLINTON,SCHUYLKILL,PA
71,PORTER,SCHUYLKILL,PA
300,POTTSVILLE,SCHUYLKILL,PA
74,REILLY,SCHUYLKILL,PA
303,RINGTOWN,SCHUYLKILL,PA
132,RUSH,SCHUYLKILL,PA
1854,RYAN,SCHUYLKILL,PA
836,SAINT CLAIR,SCHUYLKILL,PA
582,SCHUYLKILL,SCHUYLKILL,PA
8,SCHUYLKILL HAVEN,SCHUYLKILL,PA
2321,SHENANDOAH,SCHUYLKILL,PA
209,SOUTH MANHEIM,SCHUYLKILL,PA
1459,TAMAQUA,SCHUYLKILL,PA
84,TOWER CITY,SCHUYLKILL,PA
19,TREMONT,SCHUYLKILL,PA
691,UNION,SCHUYLKILL,PA
586,UPPER MAHANTONGO,SCHUYLKILL,PA
695,WALKER,SCHUYLKILL,PA
216,WASHINGTON,SCHUYLKILL,PA
77,WAYNE,SCHUYLKILL,PA
1360,WEST BRUNSWICK,SCHUYLKILL,PA
2122,WEST MAHANOY,SCHUYLKILL,PA
1389,WEST PENN,SCHUYLKILL,PA
284,ADAMS,SNYDER,PA
43,BEAVER,SNYDER,PA
551,BEAVERTOWN,SNYDER,PA
444,CENTER,SNYDER,PA
11,CHAPMAN,SNYDER,PA
683,FRANKLIN,SNYDER,PA
496,FREEBURG,SNYDER,PA
15,JACKSON,SNYDER,PA
688,MCCLURE,SNYDER,PA
629,MIDDLEBURG,SNYDER,PA
17,MIDDLECREEK,SNYDER,PA
1518,MONROE,SNYDER,PA
1522,PENN,SNYDER,PA
693,PERRY,SNYDER,PA
140,SELINSGROVE,SNYDER,PA
2062,SHAMOKIN DAM,SNYDER,PA
468,SPRING,SNYDER,PA
495,UNION,SNYDER,PA
231,WASHINGTON,SNYDER,PA
681,WEST BEAVER,SNYDER,PA
720,WEST PERRY,SNYDER,PA
639,ADDISON,SOMERSET,PA
1343,ADDISON,SOMERSET,PA
642,ALLEGHENY,SOMERSET,PA
1567,BENSON,SOMERSET,PA
2368,BERLIN,SOMERSET,PA
621,BLACK,SOMERSET,PA
2371,BOSWELL,SOMERSET,PA
131,BROTHERSVALLEY,SOMERSET,PA
1758,CALLIMONT,SOMERSET,PA
2128,CASSELMAN,SOMERSET,PA
442,CENTRAL CITY,SOMERSET,PA
138,CONEMAUGH,SOMERSET,PA
1800,CONFLUENCE,SOMERSET,PA
1637,ELK LICK,SOMERSET,PA
1640,FAIRHOPE,SOMERSET,PA
1877,GARRETT,SOMERSET,PA
260,GREENVILLE,SOMERSET,PA
1675,HOOVERSVILLE,SOMERSET,PA
2460,INDIAN LAKE,SOMERSET,PA
126,JEFFERSON,SOMERSET,PA
460,JENNER,SOMERSET,PA
1221,JENNERSTOWN,SOMERSET,PA
6,LARIMER,SOMERSET,PA
880,LINCOLN,SOMERSET,PA
1896,LOWER TURKEYFOOT,SOMERSET,PA
1716,MEYERSDALE,SOMERSET,PA
1842,MIDDLECREEK,SOMERSET,PA
1898,MILFORD,SOMERSET,PA
1473,NEW BALTIMORE,SOMERSET,PA
2089,NEW CENTERVILLE,SOMERSET,PA
2084,NORTHAMPTON,SOMERSET,PA
1299,OGLE,SOMERSET,PA
1302,PAINT,SOMERSET,PA
974,PAINT,SOMERSET,PA
1943,QUEMAHONING,SOMERSET,PA
1042,ROCKWOOD,SOMERSET,PA
1903,SALISBURY,SOMERSET,PA
1099,SEVEN SPRINGS,SOMERSET,PA
890,SHADE,SOMERSET,PA
2346,SHANKSVILLE,SOMERSET,PA
1872,SOMERSET,SOMERSET,PA
1167,SOUTHAMPTON,SOMERSET,PA
1707,STONYCREEK,SOMERSET,PA
1558,STOYSTOWN,SOMERSET,PA
2085,SUMMIT,SOMERSET,PA
1340,UPPER TURKEYFOOT,SOMERSET,PA
2383,URSINA,SOMERSET,PA
2386,WELLERSBURG,SOMERSET,PA
1346,WINDBER,SOMERSET,PA
1547,CHERRY,SULLIVAN,PA
1350,COLLEY,SULLIVAN,PA
1353,DAVIDSON,SULLIVAN,PA
1104,DUSHORE,SULLIVAN,PA
1109,EAGLES MERE,SULLIVAN,PA
2132,ELKLAND,SULLIVAN,PA
806,FORKS,SULLIVAN,PA
1475,FORKSVILLE,SULLIVAN,PA
1713,FOX,SULLIVAN,PA
1076,HILLSGROVE,SULLIVAN,PA
1477,LAPORTE,SULLIVAN,PA
1914,LAPORTE,SULLIVAN,PA
2315,SHREWSBURY,SULLIVAN,PA
1480,APOLACON,SUSQUEHANNA,PA
884,ARARAT,SUSQUEHANNA,PA
831,AUBURN,SUSQUEHANNA,PA
834,BRIDGEWATER,SUSQUEHANNA,PA
1797,BROOKLYN,SUSQUEHANNA,PA
1892,CHOCONUT,SUSQUEHANNA,PA
838,CLIFFORD,SUSQUEHANNA,PA
841,DIMOCK,SUSQUEHANNA,PA
2408,FOREST CITY,SUSQUEHANNA,PA
1220,FOREST LAKE,SUSQUEHANNA,PA
1564,FRANKLIN,SUSQUEHANNA,PA
2411,FRIENDSVILLE,SUSQUEHANNA,PA
2267,GIBSON,SUSQUEHANNA,PA
2361,GREAT BEND,SUSQUEHANNA,PA
751,GREAT BEND,SUSQUEHANNA,PA
2082,HALLSTEAD,SUSQUEHANNA,PA
1049,HARFORD,SUSQUEHANNA,PA
1844,HARMONY,SUSQUEHANNA,PA
1516,HERRICK,SUSQUEHANNA,PA
1098,HOP BOTTOM,SUSQUEHANNA,PA
1945,JACKSON,SUSQUEHANNA,PA
1901,JESSUP,SUSQUEHANNA,PA
977,LANESBORO,SUSQUEHANNA,PA
2098,LATHROP,SUSQUEHANNA,PA
1961,LENOX,SUSQUEHANNA,PA
2372,LIBERTY,SUSQUEHANNA,PA
978,LITTLE MEADOWS,SUSQUEHANNA,PA
1531,MIDDLETOWN,SUSQUEHANNA,PA
2325,MONTROSE,SUSQUEHANNA,PA
755,NEW MILFORD,SUSQUEHANNA,PA
2459,NEW MILFORD,SUSQUEHANNA,PA
746,OAKLAND,SUSQUEHANNA,PA
1074,OAKLAND,SUSQUEHANNA,PA
1113,RUSH,SUSQUEHANNA,PA
1294,SILVER LAKE,SUSQUEHANNA,PA
847,SPRINGVILLE,SUSQUEHANNA,PA
1514,SUSQUEHANNA DEPOT,SUSQUEHANNA,PA
850,THOMPSON,SUSQUEHANNA,PA
1760,THOMPSON,SUSQUEHANNA,PA
2104,UNION DALE,SUSQUEHANNA,PA
2379,BLOSS,TIOGA,PA
179,BLOSSBURG,TIOGA,PA
2560,BROOKFIELD,TIOGA,PA
2094,CHARLESTON,TIOGA,PA
747,CHATHAM,TIOGA,PA
1524,CLYMER,TIOGA,PA
1527,COVINGTON,TIOGA,PA
2359,DEERFIELD,TIOGA,PA
1879,DELMAR,TIOGA,PA
2121,DUNCAN,TIOGA,PA
2087,ELK,TIOGA,PA
388,ELKLAND,TIOGA,PA
1890,FARMINGTON,TIOGA,PA
1550,GAINES,TIOGA,PA
1553,HAMILTON,TIOGA,PA
1555,JACKSON,TIOGA,PA
35,KNOXVILLE,TIOGA,PA
2407,LAWRENCE,TIOGA,PA
690,LAWRENCEVILLE,TIOGA,PA
835,LIBERTY,TIOGA,PA
122,LIBERTY,TIOGA,PA
233,MANSFIELD,TIOGA,PA
2320,MIDDLEBURY,TIOGA,PA
1417,MORRIS,TIOGA,PA
1517,NELSON,TIOGA,PA
1521,OSCEOLA,TIOGA,PA
2061,PUTNAM,TIOGA,PA
1201,RICHMOND,TIOGA,PA
235,ROSEVILLE,TIOGA,PA
1204,RUTLAND,TIOGA,PA
1460,SHIPPEN,TIOGA,PA
976,SULLIVAN,TIOGA,PA
369,TIOGA,TIOGA,PA
979,UNION,TIOGA,PA
82,WARD,TIOGA,PA
625,WELLSBORO,TIOGA,PA
1335,WESTFIELD,TIOGA,PA
85,WESTFIELD,TIOGA,PA
1337,BUFFALO,UNION,PA
980,EAST BUFFALO,UNION,PA
699,GREGG,UNION,PA
274,HARTLETON,UNION,PA
116,HARTLEY,UNION,PA
895,KELLY,UNION,PA
352,LEWIS,UNION,PA
207,LEWISBURG,UNION,PA
296,LIMESTONE,UNION,PA
239,MIFFLINBURG,UNION,PA
407,NEW BERLIN,UNION,PA
513,UNION,UNION,PA
356,WEST BUFFALO,UNION,PA
358,WHITE DEER,UNION,PA
408,ALLEGHENY,VENANGO,PA
1327,BARKEYVILLE,VENANGO,PA
182,CANAL,VENANGO,PA
119,CHERRYTREE,VENANGO,PA
147,CLINTON,VENANGO,PA
344,CLINTONVILLE,VENANGO,PA
196,COOPERSTOWN,VENANGO,PA
2099,CORNPLANTER,VENANGO,PA
1962,CRANBERRY,VENANGO,PA
2018,EMLENTON,VENANGO,PA
2070,FRANKLIN,VENANGO,PA
2373,FRENCHCREEK,VENANGO,PA
148,IRWIN,VENANGO,PA
58,JACKSON,VENANGO,PA
60,MINERAL,VENANGO,PA
298,OAKLAND,VENANGO,PA
264,OIL CITY,VENANGO,PA
230,OIL CREEK,VENANGO,PA
373,PINEGROVE,VENANGO,PA
318,PLEASANTVILLE,VENANGO,PA
294,PLUM,VENANGO,PA
517,POLK,VENANGO,PA
2558,PRESIDENT,VENANGO,PA
135,RICHLAND,VENANGO,PA
1333,ROCKLAND,VENANGO,PA
347,ROUSEVILLE,VENANGO,PA
2069,SANDYCREEK,VENANGO,PA
360,SCRUBGRASS,VENANGO,PA
490,SUGARCREEK,VENANGO,PA
717,UTICA,VENANGO,PA
529,VICTORY,VENANGO,PA
63,BEAR LAKE,WARREN,PA
150,BROKENSTRAW,WARREN,PA
153,CHERRY GROVE,WARREN,PA
164,CLARENDON,WARREN,PA
185,COLUMBUS,WARREN,PA
199,CONEWANGO,WARREN,PA
321,DEERFIELD,WARREN,PA
56,ELDRED,WARREN,PA
610,ELK,WARREN,PA
47,FARMINGTON,WARREN,PA
455,FREEHOLD,WARREN,PA
457,GLADE,WARREN,PA
558,LIMESTONE,WARREN,PA
560,MEAD,WARREN,PA
671,PINE GROVE,WARREN,PA
573,PITTSFIELD,WARREN,PA
750,PLEASANT,WARREN,PA
531,SHEFFIELD,WARREN,PA
732,SOUTHWEST,WARREN,PA
1438,SPRING CREEK,WARREN,PA
169,SUGAR GROVE,WARREN,PA
323,SUGAR GROVE,WARREN,PA
46,TIDIOUTE,WARREN,PA
669,TRIUMPH,WARREN,PA
519,WARREN,WARREN,PA
111,WATSON,WARREN,PA
564,YOUNGSVILLE,WARREN,PA
1561,ALLENPORT,WASHINGTON,PA
244,AMWELL,WASHINGTON,PA
712,BEALLSVILLE,WASHINGTON,PA
246,BENTLEYVILLE,WASHINGTON,PA
2068,BLAINE,WASHINGTON,PA
66,BUFFALO,WASHINGTON,PA
115,BURGETTSTOWN,WASHINGTON,PA
613,CALIFORNIA,WASHINGTON,PA
521,CANONSBURG,WASHINGTON,PA
2362,CANTON,WASHINGTON,PA
1596,CARROLL,WASHINGTON,PA
144,CECIL,WASHINGTON,PA
702,CENTERVILLE,WASHINGTON,PA
307,CHARLEROI,WASHINGTON,PA
204,CHARTIERS,WASHINGTON,PA
251,CLAYSVILLE,WASHINGTON,PA
224,COAL CENTER,WASHINGTON,PA
52,COKEBURG,WASHINGTON,PA
523,CROSS CREEK,WASHINGTON,PA
243,DEEMSTON,WASHINGTON,PA
525,DONEGAL,WASHINGTON,PA
539,DONORA,WASHINGTON,PA
542,DUNLEVY,WASHINGTON,PA
714,EAST BETHLEHEM,WASHINGTON,PA
527,EAST FINLEY,WASHINGTON,PA
409,EAST WASHINGTON,WASHINGTON,PA
1283,ELCO,WASHINGTON,PA
1329,ELLSWORTH,WASHINGTON,PA
480,FALLOWFIELD,WASHINGTON,PA
1420,FINLEYVILLE,WASHINGTON,PA
1030,GREEN HILLS,WASHINGTON,PA
536,HANOVER,WASHINGTON,PA
562,HOPEWELL,WASHINGTON,PA
1422,HOUSTON,WASHINGTON,PA
166,INDEPENDENCE,WASHINGTON,PA
167,JEFFERSON,WASHINGTON,PA
1598,LONG BRANCH,WASHINGTON,PA
1404,MARIANNA,WASHINGTON,PA
1040,MCDONALD,WASHINGTON,PA
1584,MIDWAY,WASHINGTON,PA
475,MONONGAHELA,WASHINGTON,PA
226,MORRIS,WASHINGTON,PA
156,MOUNT PLEASANT,WASHINGTON,PA
1482,NEW EAGLE,WASHINGTON,PA
600,NORTH BETHLEHEM,WASHINGTON,PA
1035,NORTH CHARLEROI,WASHINGTON,PA
928,NORTH FRANKLIN,WASHINGTON,PA
662,NORTH STRABANE,WASHINGTON,PA
664,NOTTINGHAM,WASHINGTON,PA
1761,PETERS,WASHINGTON,PA
108,ROBINSON,WASHINGTON,PA
998,ROSCOE,WASHINGTON,PA
110,SMITH,WASHINGTON,PA
155,SOMERSET,WASHINGTON,PA
2041,SOUTH FRANKLIN,WASHINGTON,PA
752,SOUTH STRABANE,WASHINGTON,PA
1001,SPEERS,WASHINGTON,PA
1594,STOCKDALE,WASHINGTON,PA
1197,TWILIGHT,WASHINGTON,PA
1050,UNION,WASHINGTON,PA
544,WASHINGTON,WASHINGTON,PA
603,WEST BETHLEHEM,WASHINGTON,PA
1468,WEST BROWNSVILLE,WASHINGTON,PA
270,WEST FINLEY,WASHINGTON,PA
1636,WEST MIDDLETOWN,WASHINGTON,PA
1672,WEST PIKE RUN,WASHINGTON,PA
1249,BERLIN,WAYNE,PA
1016,BETHANY,WAYNE,PA
1599,BUCKINGHAM,WAYNE,PA
948,CANAAN,WAYNE,PA
758,CHERRY RIDGE,WAYNE,PA
952,CLINTON,WAYNE,PA
1234,DAMASCUS,WAYNE,PA
1399,DREHER,WAYNE,PA
308,DYBERRY,WAYNE,PA
1019,HAWLEY,WAYNE,PA
1012,HONESDALE,WAYNE,PA
310,LAKE,WAYNE,PA
657,LEBANON,WAYNE,PA
761,LEHIGH,WAYNE,PA
764,MANCHESTER,WAYNE,PA
1229,MOUNT PLEASANT,WAYNE,PA
1493,OREGON,WAYNE,PA
1496,PALMYRA,WAYNE,PA
1410,PAUPACK,WAYNE,PA
1499,PRESTON,WAYNE,PA
1014,PROMPTON,WAYNE,PA
1247,SALEM,WAYNE,PA
1405,SCOTT,WAYNE,PA
1614,SOUTH CANAAN,WAYNE,PA
1595,STARRUCCA,WAYNE,PA
1591,STERLING,WAYNE,PA
1068,TEXAS,WAYNE,PA
1021,WAYMART,WAYNE,PA
1023,ADAMSBURG,WESTMORELAND,PA
1110,ALLEGHENY,WESTMORELAND,PA
1231,ARNOLD,WESTMORELAND,PA
1392,ARONA,WESTMORELAND,PA
1577,AVONMORE,WESTMORELAND,PA
1377,BELL,WESTMORELAND,PA
1218,BOLIVAR,WESTMORELAND,PA
1254,COOK,WESTMORELAND,PA
36,DELMONT,WESTMORELAND,PA
1252,DERRY,WESTMORELAND,PA
1006,DONEGAL,WESTMORELAND,PA
1209,EAST HUNTINGDON,WESTMORELAND,PA
776,EAST VANDERGRIFT,WESTMORELAND,PA
1457,EXPORT,WESTMORELAND,PA
820,FAIRFIELD,WESTMORELAND,PA
1502,GREENSBURG,WESTMORELAND,PA
1454,HEMPFIELD,WESTMORELAND,PA
1506,HUNKER,WESTMORELAND,PA
1027,HYDE PARK,WESTMORELAND,PA
1448,IRWIN,WESTMORELAND,PA
765,JEANNETTE,WESTMORELAND,PA
2506,LATROBE,WESTMORELAND,PA
768,LAUREL MOUNTAIN,WESTMORELAND,PA
801,LIGONIER,WESTMORELAND,PA
817,LIGONIER,WESTMORELAND,PA
823,LOWER BURRELL,WESTMORELAND,PA
950,LOYALHANNA,WESTMORELAND,PA
1004,MADISON,WESTMORELAND,PA
818,MANOR,WESTMORELAND,PA
1374,MONESSEN,WESTMORELAND,PA
1491,MOUNT PLEASANT,WESTMORELAND,PA
1881,MOUNT PLEASANT,WESTMORELAND,PA
854,MURRYSVILLE,WESTMORELAND,PA
1241,NEW ALEXANDRIA,WESTMORELAND,PA
161,NEW FLORENCE,WESTMORELAND,PA
821,NEW KENSINGTON,WESTMORELAND,PA
1008,NEW STANTON,WESTMORELAND,PA
392,NORTH BELLE VERNON,WESTMORELAND,PA
1069,NORTH HUNTINGDON,WESTMORELAND,PA
654,NORTH IRWIN,WESTMORELAND,PA
930,OKLAHOMA,WESTMORELAND,PA
2093,PENN,WESTMORELAND,PA
789,PENN,WESTMORELAND,PA
812,ROSTRAVER,WESTMORELAND,PA
778,SALEM,WESTMORELAND,PA
1401,SCOTTDALE,WESTMORELAND,PA
1288,SEWARD,WESTMORELAND,PA
1400,SEWICKLEY,WESTMORELAND,PA
773,SMITHTON,WESTMORELAND,PA
2161,SOUTH GREENSBURG,WESTMORELAND,PA
1414,SOUTH HUNTINGDON,WESTMORELAND,PA
1625,SOUTHWEST GREENSBURG,WESTMORELAND,PA
954,ST CLAIR,WESTMORELAND,PA
965,SUTERSVILLE,WESTMORELAND,PA
786,TRAFFORD,WESTMORELAND,PA
837,UNITY,WESTMORELAND,PA
706,UPPER BURRELL,WESTMORELAND,PA
1585,VANDERGRIFT,WESTMORELAND,PA
1582,WASHINGTON,WESTMORELAND,PA
1587,WEST LEECHBURG,WESTMORELAND,PA
1452,WEST NEWTON,WESTMORELAND,PA
1578,YOUNGSTOWN,WESTMORELAND,PA
1033,YOUNGWOOD,WESTMORELAND,PA
1164,BRAINTRIM,WYOMING,PA
1358,CLINTON,WYOMING,PA
1471,EATON,WYOMING,PA
829,EXETER,WYOMING,PA
993,FACTORYVILLE,WYOMING,PA
793,FORKSTON,WYOMING,PA
995,LACEYVILLE,WYOMING,PA
1406,LEMON,WYOMING,PA
1627,MONROE,WYOMING,PA
1492,MEHOOPANY,WYOMING,PA
1025,MESHOPPEN,WYOMING,PA
1130,MESHOPPEN,WYOMING,PA
1090,NICHOLSON,WYOMING,PA
756,NORTH BRANCH,WYOMING,PA
866,TUNKHANNOCK,WYOMING,PA
1084,WASHINGTON,WYOMING,PA
1279,WINDHAM,WYOMING,PA
636,CARROLL,YORK,PA
926,CHANCEFORD,YORK,PA
2168,CODORUS,YORK,PA
1126,CONEWAGO,YORK,PA
1088,CROSS ROADS,YORK,PA
423,DALLASTOWN,YORK,PA
2166,DELTA,YORK,PA
190,DILLSBURG,YORK,PA
1369,DOVER,YORK,PA
192,DOVER,YORK,PA
1260,EAST HOPEWELL,YORK,PA
1262,EAST MANCHESTER,YORK,PA
2217,EAST PROSPECT,YORK,PA
1176,FAIRVIEW,YORK,PA
864,FAWN,YORK,PA
484,FAWN GROVE,YORK,PA
1265,FELTON,YORK,PA
1273,FRANKLIN,YORK,PA
218,FRANKLINTOWN,YORK,PA
253,GLEN ROCK,YORK,PA
304,GOLDSBORO,YORK,PA
328,HALLAM,YORK,PA
364,HANOVER,YORK,PA
1141,HEIDELBERG,YORK,PA
452,HELLAM,YORK,PA
2222,HOPEWELL,YORK,PA
1060,JACKSON,YORK,PA
1568,JACOBUS,YORK,PA
960,JEFFERSON,YORK,PA
1363,LEWISBERRY,YORK,PA
932,LOGANVILLE,YORK,PA
1063,LOWER CHANCEFORD,YORK,PA
1066,LOWER WINDSOR,YORK,PA
1170,MANCHESTER,YORK,PA
963,MANCHESTER,YORK,PA
1116,MANHEIM,YORK,PA
1038,MONAGHAN,YORK,PA
934,MOUNT WOLF,YORK,PA
1146,NEW FREEDOM,YORK,PA
1149,NEW SALEM,YORK,PA
1445,NEWBERRY,YORK,PA
1143,NORTH CODORUS,YORK,PA
1611,NORTH HOPEWELL,YORK,PA
1235,NORTH YORK,YORK,PA
922,PARADISE,YORK,PA
938,PEACH BOTTOM,YORK,PA
1267,PENN,YORK,PA
1162,RAILROAD,YORK,PA
432,RED LION,YORK,PA
434,SEVEN VALLEYS,YORK,PA
941,SHREWSBURY,YORK,PA
2569,SHREWSBURY,YORK,PA
1897,SPRING GARDEN,YORK,PA
1616,SPRING GROVE,YORK,PA
1904,SPRINGETTSBURY,YORK,PA
2347,SPRINGFIELD,YORK,PA
426,STEWARTSTOWN,YORK,PA
870,WARRINGTON,YORK,PA
420,WASHINGTON,YORK,PA
1153,WELLSVILLE,YORK,PA
1873,WEST MANCHESTER,YORK,PA
1319,WEST MANHEIM,YORK,PA
970,WEST YORK,YORK,PA
957,WINDSOR,YORK,PA
1320,WINDSOR,YORK,PA
1132,WINTERSTOWN,YORK,PA
286,WRIGHTSVILLE,YORK,PA
1182,YOE,YORK,PA
867,YORK,YORK,PA
1314,YORK HAVEN,YORK,PA
863,YORKANA,YORK,PA
